cookie_id,score
ck_315fb710a0e371e7,0.0006176351545838978
ck_a76ee3b3e3e522fd,0.048415773731541344
ck_94c9a4d382689e82,0.03696413006357055
ck_8eaf9509ad9462a0,0.00028478017041348
ck_9a88a5a989cb5bc6,0.00923799138232402
ck_15239ef0689c1a35,0.00930065410148056
ck_8de69cd219d3b87f,0.638086405940339
ck_f92cd37022b0ce21,0.016559376270603474
ck_1a3ff7620580a514,0.004600174517087412
ck_397c03aa33a57310,0.553587754479544
ck_a7cf6c3b322f6b7a,0.011091024441028628
ck_c39a9e75760e3201,0.0016096374350822106
ck_88ab6d245228c38e,0.0001809048900057287
ck_17733f75ebdea93e,0.0014443792955961539
ck_58eb871e8d7bed52,0.011753351357934944
ck_e55b7fa67db1ec27,0.0006870942032996907
ck_62f5cfe22c952694,0.0016310916002347728
ck_7fbb709a0fe95759,0.0031568525547497326
ck_87abe9cd066a20fb,0.009146660971827793
ck_d58e058b5c553dd5,0.0039552159256473155
ck_d27b872648b71202,0.0017193597035202596
ck_4b4a3c5b95c55b43,0.00027744995078690703
ck_66dd4f4b4127256d,0.0005904558058804218
ck_93cc12703b500613,0.06701963938138664
ck_d28806a2179092eb,0.9976843950779917
ck_0595c2a0c7881e05,0.018478850583377296
ck_50087d8666191144,0.3835208099489375
ck_b08b3f089138c901,0.01724851857814012
ck_fe3b67041dad2dd1,0.0013885616934566115
ck_8449a28f7d475d93,0.010020380935032169
ck_8642e3b6d84f49d3,0.006820198332875867
ck_e49b5e4f2f2e79db,0.822426280411773
ck_437afe412ea4259c,0.05901199225479018
ck_569b83668d74042d,0.9705552201540141
ck_233a487d31c3e631,0.9985343272775029
ck_1fca72e03143a645,0.9894022667751428
ck_79205e31223df2ad,0.03235806362749358
ck_9625a64406ea16e3,0.0019833564306864283
ck_079bd18dacb704a8,0.188951392423043
ck_4db6d4fd2b49aa81,0.02891323943527261
ck_0dbefdac0a1868fb,0.0006469842792915961
ck_24ff97ad90bdd69a,0.3283308131402992
ck_77f8c5042065d506,0.0035662349039346404
ck_f11be8ce05382cec,0.001542801010700488
ck_c9d72140b0389216,0.014015454589895528
ck_69eda24e931fb36a,0.0005767341742671882
ck_ed471e496916ee15,0.0007322451534544378
ck_ff090498c4b17ac3,0.004495942260438813
ck_c3c19d6a0720915c,0.0007495043039161574
ck_af02e1817cfa40b5,0.007631741529639376
ck_2df5a9fc87553eb1,0.0017304917717085367
ck_4ac918e884cff336,0.02869733017686235
ck_ca149244b54ef3ad,0.00010816055446161045
ck_6babe5b8674ff51f,0.016470911074441746
ck_1573878386886290,0.0011129194099575245
ck_3925f8565abb7fe4,0.004556686176798532
ck_c4de808ae69c771f,0.0003073454822972012
ck_a777c813551281fe,0.0020675284012496653
ck_df4424f6dd85080d,0.07005719383479334
ck_85e5494ec20383ae,0.004230586796018214
ck_f71a4094e889c3af,0.0026252414820226175
ck_f2f3cf9cd23b2809,0.016587310786005352
ck_18e2076397bcc211,0.02403466522043735
ck_c9f9fddef39bc664,0.03580566503280958
ck_7e826e233d6ea028,0.0036653697053588455
ck_62fd7eb46bee9210,0.0036171591717125695
ck_206f8e3cd72768f3,0.057570352186113075
ck_aa295a11b0a6ab36,0.006775841067463325
ck_9a56739d81f84a53,0.001313189839509185
ck_aa075c418ed9fe5a,0.009605683114224883
ck_62b9fb3db284941b,0.002522982956270082
ck_f4f83b1403ebea46,0.009139276327905774
ck_16b66bd803288bc3,0.4900652620131884
ck_c4ca1434f3778f1d,0.9968073723450273
ck_1b823610371a29c0,0.005752971900045049
ck_c2bd5a722aa637d9,0.006064509680882734
ck_7890208951df34f0,0.015586048448713741
ck_020eb0e454524ecd,0.000987479953901489
ck_3b66196ccf436c35,0.004084263731331203
ck_109fc467ec0a4af5,0.06028245542682955
ck_f3dcd818db92de7b,0.01972464116705664
ck_31e7742f160980ef,0.014020432893752115
ck_77fce5f86f00b8f4,0.17405305758100986
ck_46bc797b4d07d607,0.001763910951006619
ck_37899b1b571b1c6b,0.038827621804075896
ck_ef8a6af43fedd464,0.0025665146685074016
ck_bcc8519fe8521038,0.03461700997431215
ck_90696b7182dd9129,0.008634238161751058
ck_4a24ad61d017e1ba,0.01883214099469471
ck_0acc3d8c67218b9d,0.010594159293196168
ck_05c97fc9de11aba6,0.24512954996280029
ck_f8ac3a0500c0ec62,0.0012031177014429533
ck_617b65141f546a1c,0.0013613943005603214
ck_9d00823bf60388d7,0.0041175203107280175
ck_123c15d93f1840f2,0.08655537167020501
ck_573feefba6bf78bb,0.10115160931584047
ck_b25657bd16739036,0.002307508133593792
ck_bd26d2bef14a8597,0.005196104366620056
ck_a553418f2fba1440,0.011907775593083876
ck_89f3e380b0686963,0.007881839561368778
ck_b359192aa659bdce,0.027928483207437467
ck_02241f3dc301bebf,0.007410838119018543
ck_5ccc1a1c78cb33ee,0.03805908882024929
ck_349cc5edda1b8853,0.024884973792116228
ck_e9f228845bf6e28b,0.12976900020771215
ck_0a45d033d4e280ea,0.007985770692175001
ck_7e63168dda612235,0.0040436682145347305
ck_676fa5f6aae5475b,0.0005249655154305429
ck_74b502b20690ccfe,0.012596555138116413
ck_073509af21dd7f5f,0.7305716719182973
ck_498a0acd450944d8,0.00026854168893104943
ck_7f15b50b29dead01,0.0026294813848963742
ck_8089fe7403c5f537,0.018454424172687205
ck_05b2b04e11d9ae9c,0.02500238505965297
ck_31e70f2f04b48b88,0.0002522221310284269
ck_994316fa5a02b319,0.0010278009159675836
ck_b76510998b9a2260,0.009482067231691458
ck_4db95c310e105d30,0.0006675915229543323
ck_6f730b77dc6cdb84,0.0007528147080934917
ck_2493ee8e7b91d304,0.022929402522422117
ck_92d679d6ac7dcdcb,0.059210237207160996
ck_3a0e0200cbb185cb,0.003909337030723251
ck_0b2eeb4e00ff7955,0.0120202210176032
ck_9843d0e61c37ebe8,0.9987396002941031
ck_e61c8721e3ef1921,0.0026754848291559562
ck_2e0eedaaf2980c2c,0.0019886791568285173
ck_9036b2e5e9298a34,0.0022548214825963307
ck_3265442528d51728,0.029622595290304983
ck_f2ddae2eb1cb29b4,0.005274773359809945
ck_6cfa71d27fc27f92,0.008233694440983345
ck_f3199fbe84a28b9a,0.04293854158661706
ck_b78d785ca3ef773a,0.010228520880825338
ck_374865697f1480eb,0.031912520576889786
ck_06d0e4a9189302a9,0.02243556828724738
ck_9c9884b9bcaa552e,0.13913843901344874
ck_fd4cf578e87703ff,0.006697397994108223
ck_1917ef3e6e345549,0.07259921321221327
ck_e70418b00cbbbac9,0.027424281055199926
ck_a60388296a47062c,0.020938514247608092
ck_d598fe8d2c779ab9,0.005549110496065834
ck_646dc03de4c31803,0.8810008737705217
ck_e4fd8cbd842b6993,0.0006493566891517508
ck_2225b555aa2a42ed,0.019602371010559172
ck_6be8ae9d78148882,0.00663460852477195
ck_4199342d3aca74e8,0.14463222051325947
ck_779581adb573261f,0.00719365869933172
ck_bb303568b6915205,0.3371889661839249
ck_17c4296276448afe,0.004566461323555631
ck_a60a61ac829252a0,0.005979642242517468
ck_6ea70950c1cae00b,0.947825275749268
ck_1abb93f6924645e1,0.06092362148362611
ck_faab769cce19879a,0.08370993857620056
ck_d5b8e74e7ca6355a,0.01500522355342091
ck_f11f7691af16ad07,0.000212251497974832
ck_188fdf2be7c92e9d,0.9984038639461146
ck_4a103f8254b366f7,0.0033661532232618953
ck_bfa17a0b1760e616,0.001169336593034905
ck_a4d7f6a5869d440a,0.9599692559010804
ck_58e20f5a3e7f11b8,0.7693535218669014
ck_4becdd3d2696c7ba,0.002723737713836521
ck_dad5cf32ab9f243f,0.002063620959458673
ck_7d9f73dc7c4f90c3,0.04701580294393706
ck_c19371047a2d011d,0.0011189457933342677
ck_247589ff532f7aa8,0.014217836050350314
ck_7a9f241d5f082567,0.000729351938262582
ck_0a2b7078736b4dda,0.0010500816871240972
ck_687b412e2aac7eb6,0.005248122872471708
ck_fce0b6855886a0b8,0.010254908968466904
ck_e291cc60920456d0,0.6633350481635556
ck_04219a7ea798db51,0.026463152775745045
ck_286bfd719836e9f3,0.3097826299047079
ck_55efc92394fee232,0.0038103202788014713
ck_e36c8da1bd359960,0.04403966436022154
ck_34b0988a97d96902,0.005381180511999961
ck_e0fb11fc9dcb34e6,0.028852278955671745
ck_bcc9cbc9ed8b7c31,0.006729963830780467
ck_3df8da6f60a89a5b,0.022051936444232555
ck_b1495ee5c59a6b28,0.01744069192277042
ck_58f4c3ac61fda129,0.055404552804549013
ck_735f244b99e3aa8d,0.0023320526550751784
ck_6b93bd8abf87b1d6,0.907387992181441
ck_12107dacc6d05bd1,0.0009527304024018676
ck_f96db2a1f3448d1f,0.013331110884011083
ck_8fd91a3c99e19097,0.010336396136740946
ck_910205d25388a0ae,0.0004693135190880068
ck_d229dfa0e4442628,0.00029818488281256215
ck_7cdec61e1c488798,0.0370482502215401
ck_f66f06e24ff32671,0.012259014691595793
ck_350bf14e90b503f5,0.004202462196248521
ck_61fff5fdaadd394b,0.00208078515428583
ck_e934f984bad2ff91,0.36407652679030894
ck_ff6a6d3547dd2d37,0.0057572079345468725
ck_65ad9b15979e3247,0.023624882975528193
ck_bbe1a2ea5a403ad8,0.7879420662720051
ck_6f3a28eecd2c4031,0.02018449083006883
ck_a89b66665714058f,0.002564336655089721
ck_918c92182b6817cd,0.024523536504010377
ck_64f5eb4be9e7b8fa,0.5721708753977952
ck_d021fd497ea35fb2,0.02151461971303746
ck_004de16f7d8a42ae,0.0489788519545991
ck_a33d2325f86ab12d,0.0008710297764350556
ck_89790ff26c844bc6,0.009118118004269177
ck_e6e7257377c37b28,0.17179499679423405
ck_a2cc3910a641a808,0.898954833158618
ck_646e270e0195bf05,0.0015374504680883418
ck_baba5d66def0d770,0.15040824327683297
ck_67cdcdda3033842d,0.06929274977434152
ck_b5c3075c811a2216,0.03998393300545564
ck_515379973a8044b8,0.0015665243946250173
ck_c0ce85fb4109567d,0.024280500034392603
ck_fef850553862aaca,0.0006957718200902899
ck_55d7217b0aff9fa2,0.007598842706862039
ck_8e139f8925ef7968,0.008521713525346622
ck_9e35b908fca1e4d7,0.00062107303462371
ck_59735f4ab2ad3da5,0.029814215882928888
ck_dc569c1167ccec0d,0.8360148783233241
ck_1dade5592f90a15c,0.03624572795023012
ck_793048d11fb8b328,0.2330628040724511
ck_545b71eb4fa594b5,0.0014363976383829332
ck_bd30853e9a57b544,0.03410970958838033
ck_59f46321ecf6d306,0.0058462153514181586
ck_260cfe9141d249f1,0.2840950573333103
ck_3365a0ad1a8aa83c,0.0027992710284357974
ck_b0ef193195a2138b,0.005079647854986494
ck_0f909705e2e60f2f,0.001238524379559126
ck_5a540b75c866166a,0.03630675703065598
ck_87c26b2f41025109,0.9847471111619328
ck_27acc9f320cda104,0.10649023035766307
ck_a27bc31eecd9cb9a,0.013349284019333952
ck_115d86fabde77b65,0.0008447304637430174
ck_eeca179341d56f8a,0.7674248139303386
ck_8e5999c436cf037e,0.0003607219294247526
ck_510e7c5df1f95d90,0.9939245613484368
ck_f1acf73363925958,0.014894652982655578
ck_3c177f5970b68bd3,0.003350481415602199
ck_9cdfaa1c30cc9d32,0.0006950039161921558
ck_c8efa1538b37c359,0.025198493609170217
ck_a8a2e296f9804bd7,0.020477372076287387
ck_91a0ca45f429568d,0.006990422108024222
ck_5fdf8a0bdbd3ed62,0.03326384505141991
ck_0f4e2ec66d50da5f,0.0035124092516798646
ck_28c53b214b2ee882,0.3317188252058214
ck_003148504557f720,0.2564676652806631
ck_01d840cffb870615,0.4806251400896928
ck_555848d51f4b5f35,0.06490854529830035
ck_df20cc23b8fb8e22,0.005051841816746442
ck_f9604adde929beff,0.0010191237122309888
ck_d66952b03591bdec,0.0010041878536470317
ck_ddcac1ab765ff61a,0.007659641717858988
ck_347386629d96c664,0.015350507498454739
ck_ab01db9117acfe3d,0.010827373304404888
ck_58e5359efc52e0ad,0.003553505299757821
ck_1a524b5cc8da71b3,0.0833213346282176
ck_e9287b6d909d731f,0.002316597980454301
ck_bb41a66e3d90263b,0.19656152227545132
ck_e95c8cc1864bd584,0.0005308762610527115
ck_7a3f2961e9a8b6dc,0.0015980186543522053
ck_378a9df82b1e0bee,0.4093425824529352
ck_42633573639a3f02,0.9915787473930462
ck_2a5a4c18c2c7274b,0.003719732761039986
ck_77549c1a41f837c3,0.007084158127939368
ck_a26704b5b26258b7,0.009879216511230148
ck_9874ad160efddf50,0.0026228772170764046
ck_9111e3a04b14dfba,0.024655152754571093
ck_651e076ee43aea85,0.0069468310063645275
ck_391639c0f13932f3,0.0005002093675180821
ck_02dbabda93c8c13d,0.038161312359081614
ck_0adcb1fffcb0a34b,0.03811975474212226
ck_7a43ef9c7b1c67b5,0.002748194166872702
ck_4b9dd69946438d0b,0.003886076070249743
ck_90bf017cdd37b66e,0.059065561637617725
ck_61c74163eb36556e,0.009560723622597179
ck_13376c59b5bd6943,0.0009065824506253801
ck_62337eccb1672737,0.008557612051750782
ck_16077934338472bf,0.0016092904480158972
ck_0d4dfd93086e7330,0.002181884760383451
ck_3865b7525b910893,0.006766360374564151
ck_7e2ae8b69ebd5675,0.007456968543485678
ck_b4384b6c11766ce7,0.0015571407265458387
ck_3d7fa32dfb9fc692,0.018548578666424835
ck_f4a6a7cadd6e0603,0.016922050079127855
ck_212525e2828a6c45,0.003092546568606432
ck_33ad8d53394ba77a,0.6173891271995662
ck_a5051eafe8b51224,0.009767193894156067
ck_f65e5ff7da565f91,0.0026520954178318405
ck_5c37f7563fa7591d,0.007022773295250961
ck_f1e0a006068aff29,0.025105760999148803
ck_c646cdead6fb79d0,0.005510193416017872
ck_f8b3cdffef535330,0.010875397481923928
ck_e5cdbe3aa12c97f6,0.002450414620046673
ck_986e4e61440506d0,0.18544200912584127
ck_6da9c5912e15d9a8,0.0008977190349292344
ck_51d842e6dae74c71,0.008571777149700355
ck_5fc65c24e0736d5d,0.932502157773427
ck_babb95a76c69509d,0.043854811272824
ck_86a2d852a9715432,0.009466781398880297
ck_db4083a0d043def8,0.11608005700119625
ck_96953b8945b7d403,0.007277648771666022
ck_7831ca5c31fb3859,0.11824998561327742
ck_60ac5e5f375daa38,0.024139157561475007
ck_05d44eb1f5f085ce,0.03994083735006328
ck_432cc19c7eeaa46e,0.015817331808191615
ck_7fc513033af061af,0.034188151449347746
ck_ada6ede84c111719,0.0038923699986477406
ck_6343e0d3b1c2962b,0.022725934957018495
ck_010264ae04f2e902,0.21670047702004658
ck_e9dcf535f8c289eb,0.031656131510772616
ck_37143d9cc296e6fa,0.008831907057601498
ck_61fa051192f3e810,0.02168991380985172
ck_f9f93d1d41be1468,0.8800231886685123
ck_c4f4f28457be8a74,0.002495528230706167
ck_323a71f9452d21cb,0.8683629204260492
ck_170f4688e0acd875,0.10535458306910853
ck_869b1878d09d230d,0.10422395860585126
ck_2f6b33bf46976229,0.0019685872748188343
ck_b11e22e75d9b99de,0.00038942095889389725
ck_123d75ffb75b606d,0.003618002083120129
ck_94295287a04c85d2,0.1325774349536759
ck_1b0434f096795328,0.0006658982765978448
ck_0a4e191cd0a57ce1,0.0009175945243805241
ck_d2fbd0df99634676,0.0035628379875858253
ck_d51df5e9fbbbcc94,0.01721907664236068
ck_2d3d7d64a6f443f8,0.005898923041948103
ck_731943c682c9394e,0.03065170896597128
ck_5ccc0c94e5e1f849,0.047994717832530745
ck_c3476080516db25d,0.020417159331876288
ck_5010ffb1c94187b5,0.0019709676028024812
ck_7ef666d67bc70223,0.0196779302492626
ck_c1b493527224a27a,0.005324028515929233
ck_5d1e25d7acc5af9a,0.0243664216727908
ck_ec30b61cbf517db8,0.0008010674949333841
ck_79323eb5d2e5efae,0.003242387886686886
ck_4085cd3bf2661518,0.006210766020083783
ck_2ca91214c357c072,0.32875257624310794
ck_7f3132d6be389657,0.07284907200112999
ck_e7a6b925c8f39a85,0.005874502606877615
ck_c886adec7bac250a,0.016892219790947877
ck_c3f360c2d0ea0a37,0.016506707314662916
ck_a7acd5b015823793,0.007604755261250343
ck_9d64187c0800f84e,0.021286680033524966
ck_5d4ed73b9efd7d11,0.007400578928627913
ck_874eca6776b34dec,0.0023084909047014447
ck_96a9221a87be93c3,0.08466619282403952
ck_68dd79a51eabf5e6,0.02487483944468368
ck_8311cb6755b2016c,0.0006201500672827253
ck_16fc77b2bcf5ec03,0.9445103586953015
ck_ad9e2088a33c8c72,0.00017247444446236618
ck_7176bbc97b1e42a1,0.0021599666661090574
ck_80dfa54b30f65fff,0.9192392469099303
ck_31c54d540b128843,0.0006599020643532918
ck_43ea894480567274,0.019100435400656358
ck_9c9e8a38bd5a6c88,0.061947937449739324
ck_1c2dcae19539e148,0.07146921163318737
ck_b0fa8b84e94d8ae0,0.020820308729920342
ck_4ceb43ccd0a81c2f,0.006174957475250282
ck_ba845332b730b596,0.00223550149278933
ck_73d3e8c6077f61e6,0.15468860264885048
ck_b5d0d223ef56473f,0.012608046376391902
ck_949f08f8e80e93ea,0.004902269117247863
ck_73de0b49709e5f8c,0.0032256787127804124
ck_b5935e9722a39819,0.03858023471510294
ck_96247fee0eb44420,0.0010010104394447999
ck_a6def1e4b2d57e0d,0.04710210589568504
ck_aecdc5a96321a2d8,0.007626292867689626
ck_bc61c59970f8de49,0.0461076981041674
ck_c43b4175fc9ac5bd,0.8390208852568334
ck_8ff7a9b23a55fd62,0.003057581431424722
ck_20c99b645f462449,0.0028160550131102625
ck_a5ce2ae36fb410d9,0.0009019114679463503
ck_96fb9bf556842bbc,0.017469112021861074
ck_b5e4c6dbbed1b773,0.02676293331491944
ck_2085433978e72ea9,0.06970907998064307
ck_2c6b174b063ec637,0.01783253804406276
ck_b20b81b88dabe28d,0.00035026886122832004
ck_243c18dbf150831c,0.0014537470960805051
ck_2bb6a17e8eee35cc,0.03191102502471067
ck_66147fb994495396,0.14263018614170886
ck_73f124f075ede0fc,0.007698404904592915
ck_2e315f1b1e533dab,0.000606264246695067
ck_16c7bf94ed3e7a6f,0.0017902649596757783
ck_4a0eae220a762ac5,0.06897827143586711
ck_dc16f939c2f44ad8,0.11491105732017505
ck_817926b449754917,0.006580299242035182
ck_0c0dde42ab64ef87,0.02519827145051199
ck_cb3a40594da6a2ee,0.04217860893309007
ck_d0dc156441fcfdcb,0.01806450399650359
ck_66f0945add423e9e,0.0334069163504294
ck_a74f6a3030f5d495,0.03961091971291342
ck_1ae460f331e49ae2,0.01715864775220475
ck_2d177b2f4f0b40c9,0.5338267202254644
ck_92e474e4368c4791,0.012408262426096842
ck_3dee83fa2d109484,0.0014399978603016114
ck_80e5ea27848069fe,0.0027078307367533914
ck_ed0c4a83701ca230,0.012750359193212126
ck_0b8b7c5c581fd161,0.0003300625283624161
ck_60bf8a2870956fb1,0.01544353281312674
ck_73a54b56a2bf35fe,0.832726427036176
ck_2296d7a563424883,0.004550535697521795
ck_bc19c383560c7477,0.015260822832581563
ck_861d8e3d88f1079e,0.07095600145211645
ck_3f090fc96c24eb28,0.0015239017392947602
ck_9a6a1f8102febfca,0.04741519770328232
ck_541b6ad5d2fa5a39,0.032107566046653546
ck_a760d38d1bc4de97,0.006371740228824031
ck_7dca4d7ee10b4eeb,0.0008992942076315887
ck_15220e78d1545e40,0.009399674725052145
ck_ca24bb0de508efb0,0.0035760014073891984
ck_56b389627d8f02c5,0.9948109748508553
ck_48a6754977a44db0,0.0034633477876078213
ck_333a43ec339a04cb,0.019219214848908935
ck_f22aacaf86a65d7e,0.0742691189425806
ck_04bd8a1ffaf3ffd8,0.001441970347365408
ck_2737a72de6b700f3,0.09962767722282151
ck_c35e03b0dd0c3454,0.006410369455010413
ck_e0571312f395cd94,0.008568431357966127
ck_09fab6b9825001b2,0.0009629700749698079
ck_18c3a095606209e8,0.014789519558129668
ck_2a97db9377d01e36,0.0017361932390643445
ck_f29dbbfdd2786bd1,0.011378834693947383
ck_35d6c510ad29362e,0.1918513653746785
ck_5468fa99c945d785,0.011381203317279216
ck_6f8102f62c876cc9,0.02930101442198395
ck_91955aab3424ad16,0.004632164814658881
ck_9a43c0c73a39d759,0.005392768985485609
ck_60b023af6d1e30bf,0.9205024219261972
ck_9704c5cf8659cedc,0.050294169367734884
ck_7e5f02b51b9f78bf,0.27908158335232636
ck_7d3a88d1aa649708,0.9620866861197512
ck_8250eddc1ecb07a0,0.04893797954334672
ck_d979ef95ee44023d,0.035742172200944916
ck_5e5461dac83531ac,0.006446006852001557
ck_d1bb8890081e0a31,0.017215225781501607
ck_32246c62640648d9,0.0034331284665197323
ck_77a40c7d2f862a32,0.028226080786365324
ck_1c8b94efe9238f5b,0.0006747863351920507
ck_eaf3b6d11bc3cb11,0.004163405375758187
ck_a4a7ef3ad799c380,0.003726462356082273
ck_d5bd8f68da073cd8,0.0024952063260700284
ck_6e6258227fc8db7f,0.0014524330101247484
ck_c35d444e05799db6,0.026196390670749088
ck_74665e1209140ae8,0.018481311386862796
ck_353a272478f7e903,0.0015119451386582518
ck_a2c9796ea229a4e2,0.006316797175443502
ck_e0171f91cb3411fe,0.037424198192296365
ck_703499f5410280f7,0.004880099500372553
ck_ae3a763997f8f385,0.054382878443765034
ck_f7ff94c3df5ac874,0.013379576023238096
ck_f3c16d8f747db046,0.01865762300623936
ck_7ef019ed77276496,0.0005294592437116621
ck_d6a4faadab58a3de,0.008273636189589838
ck_ba7b78d31d74c794,0.015603196066255126
ck_36287d063350ce9d,0.0021688857255282076
ck_5177fc7137ff26ce,0.005324908807471678
ck_dfd4e79aaa967b63,0.015520118216697944
ck_fb44d15fb93a7157,0.03275006865653072
ck_fca478361870a4ca,0.004968580453105886
ck_e57b94fe57341058,0.036171145361279
ck_5448c946cc4758fe,0.008735770808304882
ck_c5ece5ffb8800ad4,0.0022593724778072984
ck_11cb98211b2ed134,0.9448164257551841
ck_f655399ac75c4450,0.008982235365198356
ck_c817259019588d30,0.0029142084856019403
ck_8740a14d8096c6e1,0.01419307594436774
ck_0c5ba86f4e05b38d,0.03264889946680626
ck_ccc917533d4b73d4,0.029983019192067112
ck_9eb80edfa43203de,0.007078936551582152
ck_d1a1cf4cf61d6801,0.02066454123583617
ck_b17c239f160e6017,0.0038565203152629993
ck_410c3e13b48e0415,0.0010292259690373748
ck_ab553954435e8854,0.9547036518436893
ck_bdbb4230c91e1604,0.006668446895813832
ck_8fd4937eadd64fb6,0.0013201160275213384
ck_e0e90b196bef3c11,0.00041873215496313163
ck_3dc4d464386f0eb2,0.1484828684900233
ck_51bbbf8f8e8ad005,0.9987431609309851
ck_c05737ab74cf03c6,0.06225222979304855
ck_dceabbe04d99afc2,0.0008081877817698238
ck_5b86fd14e85bc9c7,0.6994715046129969
ck_d4febf0083800424,0.0029410632111352003
ck_77d9f86dcf251739,0.013199487795958757
ck_b4dcebc543deaafb,0.0345301069306511
ck_cb856e75c949b0cc,0.0006891955041833475
ck_61b067de8ffc1ca1,0.018723444743114343
ck_c0e8560ccfd9dd9d,0.0008957845062980674
ck_173e1198c341087b,0.0013434925490046613
ck_b4d55bc809000276,0.06789778471975294
ck_839bf139296b5cea,0.025347641106807026
ck_78cd402a2a4f2e35,0.0013414845194456458
ck_c2925c50ebacbdba,0.0026636304456498375
ck_5e3bc76eddbdb0a6,0.0007304568479733677
ck_b7793edca26fc512,0.007424464021523755
ck_d79bdf04d6f31cd5,0.002829545432135639
ck_4b97d19ed946f503,0.008293285422355497
ck_37139b41c5370523,0.10187726646583034
ck_8c346eeefa9ce692,0.007828227675026497
ck_2ab7eddee2d8c49e,0.002134431979405926
ck_29da59ea3bffb9d8,0.35702070761028293
ck_c1d05ef0ec6e4be7,0.006577509144335105
ck_3882423b449f6291,0.9802456132171646
ck_5647030283171ed5,0.7357536750930396
ck_efbdcd9c181e72ca,0.006033930624559134
ck_192fdad892782daf,0.2024152002538589
ck_0bf2e13b9f2601ac,0.02604303031865843
ck_3d6046a533057795,0.0028932028184016265
ck_279a1d3a3836e5cc,0.0017849237860871156
ck_c375e929becde422,0.012284045427303523
ck_a59e90219939a1f0,0.0028193154126495866
ck_4e9fba1ec54c3ff8,0.009183803651493771
ck_bcbd8588a13f5eef,0.000246465095949566
ck_5f9a7ff990341bdd,0.002110988684945513
ck_e0403d507519b7d2,0.007034082753213815
ck_c9490cb61aff5112,0.011221409461372685
ck_41dd44308e6a665a,0.3698367627056731
ck_76c23726cd7ca947,0.005653092672092271
ck_9be551300209fa83,0.054400716368934086
ck_a98848eec6c9581e,0.021229835498222938
ck_61176dafb33b2d8a,0.709739782178822
ck_92de019e05971ce3,0.0012337057065288002
ck_5d644224135d7c65,0.012683947030388373
ck_c767fc454fa215d0,0.0038803356618060942
ck_5df85a8924e11f27,0.027539141544595046
ck_da2729307af06ed5,0.04360725309410493
ck_7c6b577174af7a78,0.0016944705727334115
ck_893b8afbe11301e1,0.012703342987325589
ck_e06f6fed020ae014,0.0017510948343487064
ck_386680372fb54857,0.0018456653432982724
ck_7a7f3c4fe0c9d2ca,0.0015504642686637931
ck_f908b527c4db422d,0.039191805799993304
ck_ec2eee6a133e9a6f,0.03158463935797708
ck_d98934f9fe0b02b3,0.00032822898214914415
ck_398a1ed77b0130e5,0.00629486422829114
ck_d960af7a55b892b1,0.007252275311474104
ck_4637e54a9f79e2e7,0.0031056987744015707
ck_02b9f418524f6650,0.014631178197297486
ck_d4b23804cebb045d,0.028532005465007115
ck_35b1939c48182a9a,0.012771494076133635
ck_2dcbb71e39d64305,0.005631514426438413
ck_47a884dec960ff2d,0.0021951479827629584
ck_71fd8c346fde5cca,0.07111066159471818
ck_98e1992ac8e7d2de,0.045514825390609
ck_ae7780327e210522,0.008720223634055715
ck_e6c584b4b1ad6d9d,0.003837022882548001
ck_344b2e326a6c3dcc,0.0022886257505225728
ck_9aa899a5230b0963,0.01703571453392684
ck_e48d14d5b70ef5aa,0.009297152319073524
ck_59d380a0973b3951,0.015887154861540506
ck_11318f7c041a5ba9,0.006486607129152519
ck_7061786fe2f22f5a,0.035045263033451735
ck_e77529651c416cf7,0.015126457235214174
ck_7f79878197340435,0.0012387738952347547
ck_b0a0fb0ee9ebf106,0.006010974182146725
ck_70c7679199776a90,0.00803561377681376
ck_b9facd2210daca5c,0.04203439157429814
ck_9949f53c155b8dde,0.00997976064907108
ck_1c607e24f2c4397a,0.08364916372212272
ck_aefd1ce3ce093cbd,0.0013466465455176497
ck_5a29b7018e43280c,0.00031730799069095073
ck_69eb0b2ccfbe5f95,0.022045689491019503
ck_fe037765aa465c58,0.008016174803594525
ck_5e512ef5362a3dd6,0.005403815689695664
ck_544a9e80b7fdc279,0.001688585183969
ck_7825494e654d5695,0.011262355426954834
ck_f1f2c3c623553f0d,0.0019698775137698093
ck_52730906e5b461eb,0.8937292172948523
ck_01e0689157fe9617,0.7135512004547273
ck_9da82e567074da9d,0.013260721769986297
ck_6a17384072f904c0,0.01798740065093024
ck_8d84d771a21942a7,0.0012861653919000963
ck_39638880292782a7,0.004631303160637746
ck_7d51c86e0eec72ac,0.018167356591746633
ck_45f4c821c70d134f,0.7310038868285162
ck_0af3c13ba56ce57c,0.00037447069986514745
ck_0789a05e061b2784,0.23806996904810307
ck_6ba091eb42ffa9fb,0.12463357657019225
ck_265accb3c5c32620,0.20611990100061456
ck_179039559ff7566c,0.03668808235519743
ck_17c0a6a92b5765cf,0.009716930036489935
ck_59371c9140239fd7,0.02284626427894386
ck_f9c4f8b4ce2691f0,0.007603580021255783
ck_a2637e4872cf4811,0.23188616047474334
ck_1de43fd6c6c22a5f,0.21922964833807257
ck_6e4f31bd108571f0,0.00048115817887946514
ck_da06d97db0b18851,0.0017565990005495298
ck_e0346d5081e640e8,0.061779029337930044
ck_c1c7d4e62c9fcded,0.19823291627845108
ck_2595669e421299f6,0.018301272620379762
ck_3b6057d51fd4c7d6,0.0019515170060531075
ck_c5f8ab515840a0fe,0.004096498419058946
ck_435cb24538c6f77c,0.07752480924612214
ck_d84b5403da4cea7b,0.01921829418973863
ck_c2b61a98d1c8f6dd,0.8201150438101177
ck_c9dcd92b2f836b61,0.09582180817857641
ck_9eb5b3f5f672c2b1,0.003861036965378605
ck_e4cf189a8d31649a,0.0016392718276601864
ck_6b114f2a48152b96,0.0014057637498768978
ck_3fb95862b70f505c,0.0475537275767759
ck_7f780f465c29398e,0.003322452879618075
ck_ee387f9da79e67ea,0.030789762509642205
ck_fa3b1e85d27af2ee,0.0991680362287404
ck_e739eaaa7a1822f2,0.06798144561434354
ck_dfa0ac11fcb1dabd,0.0006202940609394443
ck_6e8751b571ea54d1,0.02476806897237908
ck_2d695f8358383092,0.01321481643302234
ck_e7dce27edb700f27,0.012155538486732696
ck_e322da8b213eab52,0.0011256468371575032
ck_d0b32e039abb8200,0.0048734829509903144
ck_b354003302b272ca,0.015654960109120753
ck_f7485cba392bc294,0.14439056419620838
ck_d6a290ff8362c7b9,0.2804966388415126
ck_c56a44fe315c0389,0.008194540347262285
ck_f77dfe6512eae322,0.02616167563857321
ck_35fe969c58b9e70b,0.08850592351979622
ck_4c518637db2322d5,0.05554544195946588
ck_cb61902798ecc4fd,0.041199461685693564
ck_56e6cfa32156a916,0.0036963380247650715
ck_343e6ed2b9d35c01,0.0035643603716037702
ck_51440f64f7250ad7,0.04489685564801836
ck_295bca29c34cfe2e,0.0443028853134187
ck_dd30558576b45e7b,0.005884938603463816
ck_3a30132a57181fe3,0.02204484511319573
ck_4a733aeb833406f4,0.006434842916680712
ck_1b0b7c3d35ab1259,0.056574904441900005
ck_962c3bbf27cd4b80,0.05451273205932388
ck_9528e1d6b1707870,0.009654355107386693
ck_b3263e7f31aab45f,0.015585051477520259
ck_e69195a3c885053d,0.0007005944882640718
ck_a907fa8795cd4baf,0.0018677630744469518
ck_205c3405045bd835,0.0030982097611875112
ck_e81fc223bed3c46a,0.25448273825748724
ck_363751deae40edfb,0.19632325586182514
ck_6176baea8cbebbb6,0.0012469088619426407
ck_633e6579f5c74a5c,0.7223444908397729
ck_ddc11fc481eef58d,0.014191976011651116
ck_e975002c979e12c7,0.11074708184148682
ck_8e039b23acaaac00,0.0378491013437082
ck_1d6990d94a4d2ad6,0.013377829217438283
ck_e7b583acaa3171a2,0.041501960603982355
ck_c0133f60d39b2fb5,0.01295486252198478
ck_7d6bff85e7a694bc,0.0007905046943497006
ck_d305b4d82f63f647,0.0006106608159557173
ck_22bd0fc71f95e048,0.03386795473358083
ck_9a65fcfc7916f93f,0.003940680303087157
ck_d61c837b0106085a,0.020425644638740182
ck_be86a1db08dea456,0.020854275087771712
ck_90489c405e6886d8,0.0020549099810160997
ck_0add2c321d579d75,0.051270088963712226
ck_482dea6eed92cbbc,0.005953564080134534
ck_c24b47184534cc2c,0.9956113567370194
ck_fa04ac31e596e7d6,0.014182791042789277
ck_084322dc5a3a86f0,0.010161033739373247
ck_ccb72a33cc1877b7,0.019721005728222454
ck_afaf374009d3b248,0.004263520408460444
ck_b53084ffede19a8e,0.0006391627333035632
ck_4760216154c8cac2,0.6674274468395086
ck_37ad3a65db673e70,0.003979932922215577
ck_0c2932cc0d553694,0.004845656841845557
ck_86b853c52f20fef5,0.004674945738334636
ck_38703b7546d35a80,0.02805961849833999
ck_218b7e6e6dbd2da0,0.006143480811330745
ck_402db4184982fdf5,0.016217772187593096
ck_f917c82af80e4a79,0.04114577730088645
ck_3c6417a233c68c73,0.053873043800535626
ck_98068c397d70dd3a,0.005797258554283996
ck_b1cbd6679c0f8d95,0.004543043585332106
ck_9e962f9bb0e7bac2,0.0042622081869662775
ck_b08247c3ad567d92,0.6627056536889853
ck_3ef7a03ebb81cfe3,0.0003016366490777187
ck_5d7ae0e3562e99bf,0.09473529339462816
ck_c91a628236baf91b,0.19643812629659213
ck_7f8e816ca51755e3,0.7517967512750625
ck_5aadd286d188f5c3,0.005566711393098467
ck_a037aff5f8128c73,0.0017657016731305077
ck_5df6529ce8290906,0.027527133388800307
ck_5f3609511443e5a8,0.0006179533718839141
ck_a6f61864fac3c8fb,0.0034212422253215302
ck_2733fc6ba23ae46e,0.019520965963888335
ck_22bfb9246646eb41,0.8809546919853763
ck_bfc2a57d8fd1610c,0.40857797668891926
ck_49839e761d0e74e9,0.002688756219617434
ck_aa4ba931dd37481d,0.0007691976363934516
ck_2f9fa0d61829f815,0.004930126087253351
ck_5b82c774df10d49b,0.0006988788455330006
ck_411219470d0a195c,0.03802295163735924
ck_d07485ba10514a2d,0.44119180582096545
ck_219bef979ee21bdf,0.0008231675665073032
ck_eb1006e7285184a6,0.020088633949156425
ck_fd242b18575e3063,0.0687593726490356
ck_95188150ff059c70,0.05797582568348808
ck_a9ca2f447b984a6a,0.013178137284488984
ck_2dd39723c4088b64,0.009771610626768623
ck_aa2b4c662ff213b6,0.010320805413664648
ck_1867b1199c864db5,0.012460536776886171
ck_850ec97a5a0dab9a,0.004118152307949505
ck_562320295fa35875,0.0005537858880718617
ck_bab5759b07fe2bea,0.0036318435989990687
ck_b9f1465d803e57b2,0.106051015407193
ck_8f21f2690c32c691,0.024231043512202524
ck_df87d6f61a63eb21,0.0030011013086961467
ck_770475876d0e7e6a,0.0023151273195757723
ck_b4c014d5c0cc9eb2,0.0056092959368001846
ck_3add4d23124c9290,0.001370026049549758
ck_bce5b7fecfb6264d,0.12268797683685345
ck_604c17cb97dc89be,0.04946706935079553
ck_e52cbcd9aafd26b2,0.001286528550609256
ck_0ac9114076f5bf3d,0.005521398694431303
ck_dcc125b178b79566,0.00026016884874894555
ck_4e333c09f0c37dee,0.004029171251833568
ck_ff7e31ff8ba731e5,0.0022551591701887113
ck_8d0532d24f1070d1,0.00048802169066265776
ck_3689fa41748a6f6b,0.13304326067727232
ck_7509eb97c1948b16,0.009553728205104663
ck_a9161cf1ca22a6bf,0.0041283306905506014
ck_bed3e3db135b782e,0.005605716345485592
ck_9040edd974ef8e3f,0.5912248329508583
ck_fac32d76ed40f683,0.014842855142914713
ck_3d7b1078e2d57c69,0.003422608583054844
ck_dae09c4e074af5dd,0.0035935318391822554
ck_fd84507228467b40,0.035394801430459116
ck_e2a2ce9b8cf44c63,0.004616848737307867
ck_cbe716f351d660d4,0.01332673811417874
ck_cba4162ef29a6d27,0.011750151115964107
ck_4f1e962ff8a29732,0.0010419697153703582
ck_39a81899dded61e4,0.0042409524530361495
ck_25382331551d22a5,0.03030161269786181
ck_6d64e1c07b19856e,0.005502302122326401
ck_165a868bdef28ad3,0.08071727503560908
ck_88774ae52e30e877,0.006339250087853968
ck_fc7a9d0643570053,0.0005297263256817779
ck_c2017120b3b88a46,0.002258436858887375
ck_d115ac6b9fd62a7e,0.002995062963504004
ck_439cf7d51ec7de0f,0.0024203954298495887
ck_2468a7e9e68a0927,0.0023487812588606927
ck_7c418947124dee8f,0.05397266705239539
ck_fb0cf32c4a56f740,0.00863920678993142
ck_694eb6c43193afd4,0.009132476394594555
ck_993beb188dd4abb6,0.0011509865751811342
ck_77fa39d3b733c226,0.07240191739225887
ck_49969a9abc47cb69,0.016873304931694925
ck_d3f44bbe2f7e9b2d,0.03396973169993669
ck_fcf5b8216d0c18ef,0.0003801211162656562
ck_daefe1e2d2bc362d,0.013229250357144536
ck_9c9287cb28950eb6,0.009587837524452959
ck_c1d1a625b885a975,0.012174181012824975
ck_71b37fe47490b4ba,0.002917857265851398
ck_5d16e257c0635f7e,0.434613559385597
ck_15918075563eb074,0.001790405762389893
ck_9a15fdefc47e8d11,0.010159703262343745
ck_6f04d047d1dde75e,0.0006215904482043823
ck_1af2c0b3b8d202c1,0.005137089050000227
ck_174be2231c5fd2b6,0.0008461259468448344
ck_bb0713a2a1d65982,0.018861184402537673
ck_0daec63bd5b0729d,0.021564974183153243
ck_c0b5cc3e8ad2ff44,0.022493079550602264
ck_35bee1fc12664644,0.33395579043369106
ck_a1c7cf63467df4c2,0.003318731421957976
ck_ecb1e15f0b185ceb,0.05931238325050578
ck_f280d31f54a4710a,0.007914585190725208
ck_30f4b2ee8abe1342,0.22276224623143212
ck_66bed631354de5b7,0.006226432136677902
ck_c2d3ecd7278eba2c,0.002643463071261734
ck_e901dec0e09eccbb,0.0013640188895051512
ck_5d038ecb3c8748a3,0.007519612760124714
ck_283c5bea94b21e80,0.003428711582547714
ck_7956c251b85f009e,0.9398392848985531
ck_9f5f81d771146aa1,0.0005357886437949496
ck_9323e6fc1e168eda,0.6485729523675403
ck_10495d3a635b8d69,0.07219655521864107
ck_1982d571cd36eb0c,0.004960735426108807
ck_4f5d7985bcc2eda4,0.0036796519531588703
ck_7df526b2b4410bb4,0.06333185826062321
ck_dbb498b1a346a402,0.0018451854928140136
ck_ef059997563e3330,0.009263061273716632
ck_02ec4e06709e6b82,0.0010147736659032228
ck_9782c86ba6485f88,0.0008001662817013945
ck_d69de468b44143ca,0.0030448604563874894
ck_6430a8792f400e0a,0.0010218002332052483
ck_8285bd3c90af94f6,0.0045099542121286
ck_985c9ca112000e9a,0.01949157849058048
ck_e679fbf4f4f4aa07,0.0012562294002299104
ck_016e8c8eaf9d511b,0.02405873310792252
ck_bc996c523944644b,0.08506477140205439
ck_5b8315726f6204e0,0.01550673153520998
ck_78181f8e998e442f,0.0006925465727826092
ck_71c68dfd011dbbbe,0.5217109694711473
ck_db32c95ce2b6f502,0.9285638427209824
ck_755010362a9b1bc4,0.00042720581791745246
ck_114141d85256c9ff,0.0003817468098576992
ck_9d1a5cf5a3b87e48,0.017633905288789584
ck_ab640420858ab5c4,0.1175113070008557
ck_97a8dac48dd62488,0.3660281249756929
ck_879cc3166fe1bada,0.0005111113123598943
ck_b0ed11080076e381,0.0028699279313299355
ck_7334a9ec656263b2,0.003628933749382269
ck_6494f0ef13ce44d9,0.002183551570464683
ck_724e459b9ece38f4,0.03132042415383882
ck_7fd8b1470401695f,0.7606709659647141
ck_292f81186358b0fa,0.00479425141896515
ck_fa7de64d37287615,0.055416995120455864
ck_d00e09e66ed6458b,0.08658297629235842
ck_b8d210e741be186e,0.0025616753811069327
ck_3db59982cbae4410,0.039899415416736736
ck_69887d0a9aaca6df,0.0015512581689912728
ck_4feb21e2fb0b3977,0.005461164522049143
ck_08c6cc1e143475e3,0.0015384998919110828
ck_fe6e168cdbb46b9a,0.15864587840112873
ck_07f1734be7fac56a,0.03970424547578555
ck_d66d59981307db93,0.041072922206633444
ck_f928dba0d587d7c1,0.012875456893524376
ck_786448fe3004cbd0,0.003260120127282531
ck_29ea329fa40ace62,0.028983666646993308
ck_7ea52b6f27edcb73,0.027191073680172845
ck_18bc51bbf3ef198e,0.049222079404510045
ck_44950df09ff14ded,0.0004254076451088519
ck_c1466b52c0a10b93,0.04374475530191699
ck_6cdac067cc4db5c5,0.07103392914779527
ck_53f55c6e8cf2d432,0.0012890335604955113
ck_95945f48453ca532,0.03127074783674064
ck_87cce4126e215153,0.008487899333555784
ck_1ecd5516c92caa4f,0.0009017296353616806
ck_819b482bca14c068,0.660919919202017
ck_a61a879dd46fc9f2,0.024800590121569023
ck_af70aa32c009c3c9,0.0158477571951445
ck_f4fe78e249092ab1,0.0533697680576512
ck_12c46bc52bf45b36,0.004956109732828339
ck_f05f5e4b40afa52f,0.10117389741705408
ck_0f8cb09d3f4fc980,0.20909511254717175
ck_80a64a7f0275a71d,0.004751328269380741
ck_683af7b1540a0b22,0.009896906291271965
ck_51fe0b613c076cbe,0.008978434002086925
ck_da1a2450219dcf19,0.0169239759789022
ck_2a7eba01ceba6c2c,0.041736338727973346
ck_4e329e29dfa743ea,0.3941315718845204
ck_0274d881d6db82c8,0.01059907200503533
ck_0af5b7d128035b35,0.010676808582534173
ck_ae0a7be6b0a0ea68,0.018246627572049385
ck_de5bb7a4d091386d,0.13918509989155567
ck_2bb7c17168a9d17d,0.0008847804067541795
ck_0ffdff7b2f5fdfe4,0.016665717493959245
ck_718a8390b3d42d7d,0.0027481189717789307
ck_7c4f12d70f184533,0.000842825521499617
ck_d3e2c26b8adff099,0.009473887824583183
ck_ac9d3d9754104cf0,0.0006510677415587436
ck_3b1766a1d51f8f0e,0.42327249934201017
ck_a9bf75bea912027b,0.0436750468533454
ck_687eab3ffe1f8cfa,0.0378608479157629
ck_25dd0b02af5b2f37,0.13836272349291184
ck_1747fcc466f0ae38,0.0006066077609216513
ck_f6e9d14dfb6f3c28,0.09405177965271741
ck_c6a7bbd0adc4d5f3,0.06068373780462078
ck_46656a23f4456d22,0.534576929462903
ck_7519260415c2998e,0.026851682795488368
ck_754f30ea19df857c,0.02877008078916006
ck_ba88a244d5f7380f,0.017369760736033992
ck_f268416945316815,0.009969292600986189
ck_21860dd2159dff28,0.0009499043102860437
ck_7a86ef4e2beaec38,0.0025483849520734282
ck_0414507baeea936a,0.011106877473150126
ck_60796eb60fc3043e,0.008342257862083842
ck_1e0841ed17fe0562,0.012649656291427638
ck_0d641d32658d6e0f,0.0013513846082026009
ck_b36086ae6d87eec1,0.002856386900781818
ck_962e65ab33b5c311,0.938797447451553
ck_b046a42684468e63,0.004039902983578696
ck_ab3426435b0017d6,0.019768329392190996
ck_fcfe06e44d09a344,0.010209796427462444
ck_0f6d916c92189516,0.00917953092789153
ck_d4c8f0d957c3965d,0.03594703527574698
ck_2ca83dbd728af019,0.005002111651122278
ck_2857a4ce9f72fbfa,0.0015853153786957778
ck_a60e6edc48e3d0ac,0.5281404182527556
ck_0cbd3b27063d4415,0.03198701444062689
ck_612089ec90c37219,0.0052584056854419305
ck_ec4e597f17f473c6,0.003051258324540264
ck_1c93cc58f314bf71,0.04498180564379166
ck_2b359a979520276e,0.0014059900943678484
ck_1496568ddc3b2d56,0.037955694455481345
ck_41d91dc9f5063566,0.032143069976549164
ck_4c5ff58afe3d7a67,0.0005041220384521169
ck_81709736281fa3eb,0.0005794100657938863
ck_d89abbab3d4957aa,0.0031689749877899286
ck_52453401f88935da,0.003572692032755844
ck_a477654d34783e06,0.0017816733240537674
ck_72dd0dbdf808cb00,0.0229089747350071
ck_c183dff3781746cb,0.06782174541784347
ck_c8b7f241810b45e5,0.0003546381844975466
ck_f88028c3f306bc70,0.021170768380742333
ck_91d48d69e4f5d9c2,0.009610468570449237
ck_b74b9ba6d7c9aab7,0.14251786303762876
ck_03e904682dc73bba,0.004491697169322268
ck_fc6fed6ea96a004a,0.0061969817951417535
ck_51efdd240e34c642,0.059524824181122565
ck_e78ab4ff52b5fd2d,0.008488630146880612
ck_4af7b97c24d89a45,0.04507377774303032
ck_295c0072eca7f7a2,0.003994631311525843
ck_8abd1a50a9227463,0.029809051649419636
ck_ecaa6f13304e3dc5,0.0007332861326563874
ck_de436e7b319be1fa,0.99755281697099
ck_c802cf8f61466027,0.0004526826983103925
ck_3d83e0a3c1cfbf8b,0.0021619984223033447
ck_28d2003c2d16e4b6,0.0017699268982058142
ck_8ddaf745bbb9cd62,0.0003797012262688129
ck_493b6256091014cd,0.01065481051969741
ck_a2245822cfea997d,0.003505564892038229
ck_f7305b3c64cf8a03,0.3057492601946944
ck_9937dad93a0ed3c1,0.0009831694630632218
ck_d654449f9231ad76,0.003424436196556236
ck_850e2b59bc535490,0.06375568996562017
ck_e55e5bdfc0242aef,0.011114436678679875
ck_d35c51e981b98c5c,0.00790734340972133
ck_27cdf9c5e6f0915b,0.007614874843221902
ck_d328db1e1052d820,0.016165380551773557
ck_0ea30eff5f361cba,0.0029744953499034723
ck_9994323f97109f4b,0.9959604801163656
ck_09054e97bdf9624e,0.000834151625458448
ck_723b4afc388113c8,0.0011649115465004807
ck_588f6e6a6a6d93e8,0.006838590919140846
ck_e1d563fab4d6116a,0.00137014645761112
ck_53aca610e20598bc,0.011217153033738957
ck_c8131ddc7ed33448,0.0014710322094546855
ck_899f88464305824a,0.017853783564082133
ck_1c17c65804f8889e,0.00464620542634102
ck_45a16ce12893cf9b,0.0044421553021055885
ck_f9d481aa4f9b2808,0.6381558027747158
ck_1d5d74169cf892ef,0.06995773322426896
ck_aba32acb61c1aaca,0.014512077381062582
ck_ec4dd3675a8d28cc,0.006540070493156655
ck_5dcd443fe0bbdeac,0.0009202605378939451
ck_3a47e3f54475e854,0.0008242298866150642
ck_a9aa5c344c315532,0.026018025351218027
ck_9652283c9f61fcec,0.001779538147483621
ck_752dd3d2487f78ea,0.001406509988514586
ck_a821980ac4db9943,0.329343491779046
ck_93e0d6befb67f7a1,0.023867682223955293
ck_e7a3881c3e36bd51,0.10320767946176107
ck_12631b78f8a03df2,0.0019550676395385415
ck_57b8226610b48854,0.0031101814784976678
ck_352657008983fd4b,0.05906233666604307
ck_0841a5c24fd3dd28,0.011560384955431519
ck_db9b9d5d30f74070,0.04388052991720264
ck_a9dded7f6294e44f,0.07764172079221635
ck_91a16336ce3217dc,0.019163519167425466
ck_371bd9388b287677,0.00035156007770430415
ck_f285e5e1912a7c62,0.001377375890018118
ck_368b65fca69fc415,0.026626217401216654
ck_d27a73596b6500c2,0.013488055797750313
ck_2d963f9b2c4d11e1,0.04567919215542689
ck_7c500e219af39486,0.002694271973190431
ck_7d025dea5951cba7,0.0030244098658337415
ck_32f632706608859e,0.005222646100149716
ck_53816231f3ffb48d,0.002672445310228739
ck_9dbe184e81c1ca8d,0.15717743739129494
ck_d74123617f22a21e,0.002838852071346718
ck_275386782b1606f8,0.0017118825483150946
ck_0b0e79d33e50cba5,0.0020387941990824927
ck_ba93cb604f792915,0.02584667306851772
ck_a86cd653472eccbc,0.004492104941152627
ck_87771861e0447210,0.04974282247028505
ck_212380e0371d8a6d,0.01050213531117251
ck_ef0d702d7b0ed745,0.0019910340913992285
ck_2b8f33e22f939372,0.9214862477722428
ck_480347ad92037105,0.011536975166643591
ck_20124c3a16c53ce4,0.0029605842774452534
ck_c9e1e3229baae708,0.016605278978920078
ck_b1befe967f7a5ebf,0.021681399106314444
ck_4672167d7c989bbf,0.37567837159859074
ck_f0c44ee5e3a42e3d,0.02069209249938252
ck_c416357d20238a4e,0.00781380922228685
ck_d0f470f8078c91df,0.0025854002859515527
ck_3a70b4ee59084715,0.0022932265351803035
ck_179ed66cdfc1ce27,0.001593544086677316
ck_387e5a7f163c7837,0.006794687456346829
ck_08fb463e69f647c8,0.9979627621558678
ck_732f725747393ec8,0.015937069196253855
ck_7cc5e0fa3ca5a713,0.0007137979366012869
ck_ad4a4daa826ac68b,0.4923018825627845
ck_472e0be7a3b533bb,0.032021509584716404
ck_7190177963eafdd9,0.011080529345842884
ck_647ac26c5900f082,0.001155256871530944
ck_272ae2179bbd8e58,0.006935048045674398
ck_09b0d8af304646bd,0.0003242016646690695
ck_ca0cc8ea9f344408,0.005399652273608771
ck_332ad134fb909869,0.007488233180519
ck_fca2798914627dc8,0.1730412054534206
ck_4450b55f462ae134,0.0032459271201988205
ck_d67d9dfb60b286b9,0.0004086523699688828
ck_a9d2bb4f2bde7052,0.00183730804184135
ck_929bcae878a3ecb3,0.6531703263713995
ck_59a9e000fa275e1f,0.021861032122303656
ck_57f17254e2688637,0.02263026652027563
ck_0508908697f60ce3,0.15603319171892893
ck_946afc2943298d26,0.002878126226239539
ck_7176d12b18f2cc0e,0.032894892656976545
ck_5c47b49c26cce286,0.016926588335411538
ck_b6a2bdb2d335e1d0,0.9972841489870663
ck_1d58f6caaa4d012c,0.014914004275197863
ck_71c917295020ccc7,0.0013576545328560972
ck_bc89644ae3688995,0.0027809007391073
ck_e7c212f16d6df272,0.009859447476521904
ck_c6d2e11a368184e6,0.007059056397833414
ck_eed7f1f7548df15b,0.002341878277315793
ck_75b69034000ca7bb,0.057411918137599396
ck_38da3bf629458682,0.0039043589155134855
ck_90114c891239d821,0.0008877497483434687
ck_8ee08f6777cc155b,0.007841330261111227
ck_bd86132499defcd0,0.01687217570837689
ck_b95fbf2b5640aa82,0.005445600829192561
ck_c530235393360e3b,0.002996409031142429
ck_be52a7ec43241ba4,0.2485790030789588
ck_d96eb3cc55f2772f,0.033091841778348036
ck_dd34f0a844fb115d,0.1718497826085382
ck_17cc7b411f448e66,0.14726830422729792
ck_856ea65fa27d06dd,0.04571768183824863
ck_056d5f0301c30902,0.09188417854683659
ck_e662b14b2bab23a2,0.33431758494415387
ck_209f574c8d92274e,0.011413219457045123
ck_62720b81617896cc,0.003334497126669741
ck_041614694b77e599,0.0022622069315170225
ck_461e3f7b97db8d16,0.019432359976777655
ck_1b74b798eebeabdc,0.01330886313123296
ck_0ed2739384f1d644,0.005024783277526297
ck_5a4d19f1b83feeb8,0.0004778097898220185
ck_463937167965a1f8,0.007836978812173625
ck_9d7151dbdf100e0e,0.025250221370517648
ck_20a7d1ce6cc27312,0.002517996164878557
ck_6031211ff118cf0f,0.0005443060439373433
ck_a6fc92aa91e99b77,0.945855831180475
ck_0aaaa9d2f75a0518,0.012538471808121905
ck_ec26e327cc1848b2,0.008583852823631048
ck_0e6bebf8ae9b9b03,0.0082762109427088
ck_e107537a4cb738f4,0.0018992001135679846
ck_e8ea56e122a5a487,0.026693277473620845
ck_98149ed45d38c4d3,0.06385343967287403
ck_0e719b3a6906b8f1,0.00015402011216419917
ck_0c6e7bd357e4a348,0.00047776062990413626
ck_d3b2b250da61db19,0.9016341233814418
ck_8bb6b0a292754576,0.23315069089552068
ck_87d70f5fe48a6128,0.03347188252251564
ck_ea9edf9c107d429f,0.005591047682563941
ck_059806c52cebe4f1,0.2691805772618612
ck_a72d6df666e1c21c,0.000987813406057091
ck_1d2b80ab6c4944b9,0.0024844255642195784
ck_60557f077abc42ca,0.32711726286579823
ck_e5f5cb7dd6ce4a37,0.004917974703789473
ck_4c4a939154446053,0.005216839748358369
ck_50ede3eb561a202c,0.01296205232396518
ck_6d03a542922b2ae8,0.004026482752095991
ck_d6fe761ed0db3270,0.006885820120820656
ck_7f0cd6ea3096f985,0.0015622632291519742
ck_23edb6d938a3b87b,0.0011688065875796326
ck_799aaf9f2b9ef621,0.013371440276703294
ck_f8f6a03613b6dda8,0.015272199296095346
ck_7cffb189f4f514ec,0.9720949965431139
ck_c081e1967dcd811f,0.020099944831479352
ck_583d6ca78c97d91e,0.5216042732075166
ck_9332bbc7125219a7,0.005374549630343751
ck_956b5af6d7d86c65,0.8672416275329815
ck_2d634e3f24681c0f,0.02292373967124787
ck_7b35d218ed0c5a60,0.010076927631755985
ck_ca5b1057f8248f73,0.014453004368798898
ck_ec5ea81cf813597c,0.003786820606290154
ck_eaebaf4d28400fb8,0.013161885871371617
ck_ae2ab6be219219aa,0.0014791491391594623
ck_d99a8b4c820eb46b,0.0014273643303772243
ck_bcfb7ffb7cd428bd,0.005308424142492804
ck_3dd542c2d31be2c0,0.011563272605337006
ck_c7dd84401e29a7fc,0.003742402967464497
ck_c4bcc7cefd40f8e2,0.00028395865466897534
ck_c251898b5d51e3b0,0.002136638403127925
ck_36d37be780c1291c,0.0012005476892886242
ck_99b4f266b61ae7ee,0.029871282250242374
ck_c37f03995f0f0169,0.00019023973329754167
ck_65a23ac8e44eb901,0.0023400986271956753
ck_644b1c1149eea9e0,0.020852490768984534
ck_9cf44eb0237c2429,0.023341403457778406
ck_20541686a94fb71c,0.03404639251652534
ck_c18245be844680f3,0.001010088174367387
ck_56de216eda6b7fa6,0.0006475999450391278
ck_406c4442dee45cd1,0.0006843805158675373
ck_df1585c7d72a96e0,0.0006558966082015898
ck_b8e8dba20676d87b,0.013211487708358567
ck_0ee6965e68efc177,0.03213834910766024
ck_c2a5c54ad8d0d297,0.025532062248931835
ck_bf6fb7e6470e95cb,0.0004925297895681732
ck_27fa694569140345,0.0006183924807218848
ck_e04166b0ce66393a,0.0034569048195513515
ck_8742114f4f0cb22c,0.0933602882624148
ck_6eceeafd56b42576,0.017266565564483815
ck_34f9951b0eca1965,0.01589861978697291
ck_384ccecd342a24ad,0.0005597022133824761
ck_49c98bebd1338879,0.0009508978469603667
ck_6c26c12071c91ff6,0.001301110525375751
ck_01e5986ebb9a78f1,0.08671175089270132
ck_121db7ba3be29ee8,0.05791721384859785
ck_039e6d5a330cea1a,0.03795942328785021
ck_ae8c9163cf957d7e,0.017308288822299255
ck_3f5e8f3f1df0c8c7,0.09003801694467709
ck_b1c51fdafcd80122,0.021122829858245137
ck_12e2b5ebfe8986b2,0.003903129110996307
ck_d55eb81a4d543c59,0.009079711564291918
ck_f85155ca5c312c7b,0.014465329200189872
ck_133d8a1ac7c0e301,0.9957132254667758
ck_04212a9bb9b28696,0.9982273505280077
ck_4cc11c7d3ca61f73,0.0006742655722711763
ck_2df4854186ec515b,0.015696665737282026
ck_aa9b28e7fc43af79,0.8574512431054209
ck_47cad6c3def4c9e4,0.001847305986695437
ck_fbff7b5da8111567,0.0024864991299170976
ck_bd25ea782e375b22,0.05228381893700165
ck_7989376f8cf64a9d,0.0013075761212325385
ck_675c0ca1ebb1051c,0.004282037370710931
ck_1436f6e11d4008f9,0.01718790363643391
ck_812cb3a4482cc618,0.00672707935186221
ck_6e606f73a1094afd,0.0018076138881138
ck_1b708e2a4a0584dd,0.0034058151744559735
ck_a60d6b324bae0330,0.008379157790450564
ck_706a4f673a9fda3b,0.5365670705394672
ck_a75ece9a9044eed0,0.0010633471884982908
ck_9aa45c4e03c8c57a,0.020094927825834892
ck_9fe9bdce982b312c,0.05004243317453325
ck_c6fbdc5ba68a8466,0.02456657900497423
ck_ed0cc1b1c28f9511,0.10876120618404808
ck_a4e2607b4c8021e8,0.0004989597496169466
ck_e02f93f51cc8caf3,0.031020034876563893
ck_7084ed3cf20781b7,0.018400760441089806
ck_cd4c63155570d6ea,0.005159974602416898
ck_d1b9e5d32d2d789f,0.001685548392787619
ck_68f56f6560a7a933,0.002976600138733676
ck_8bedacc6233c6269,0.011529128098035343
ck_ab7cb50407d6b13e,0.01639144085930456
ck_f17ed7e0fd687742,0.03528841212026616
ck_b0fe4b92fc70f72c,0.00298930892891874
ck_84d62b8196da2452,0.008053142422162209
ck_9e298cae167f4693,0.0008662629166385986
ck_405b20ef9ad0ba5f,0.1319601927547367
ck_813e02e1ababd177,0.009216886235463215
ck_f234ab47061ba7c0,0.0006441045763897546
ck_22b587c18363899a,0.004756044397736341
ck_4e862c2f48c38aeb,0.0019195747867382289
ck_b89cb90a420c9075,0.002932026598678985
ck_be2251640f27a3c9,0.40682788767808487
ck_46bec0bff167ed3f,0.037040344206682285
ck_c0032232c2868328,0.004741831431305334
ck_030cf09525dba4ba,0.0008304446606451671
ck_6ecf56236789fc09,0.9588699278927112
ck_38d4ed52cbe6d123,0.042063893079833437
ck_2d923d957ffd4d53,0.005749723746165818
ck_3af1eb88728ed8c7,0.012225732118245031
ck_2f8120ca80a1592c,0.0178848719052413
ck_6cabb1a133f0b151,0.01266542841946837
ck_bb6cf7e7b707731d,0.9127774611930219
ck_c8307fecafa90140,0.004509548849031044
ck_75f968be67f46d24,0.007413249494635784
ck_df6fe4ec5a233213,0.0018729747995579512
ck_b53e88c0e927d896,0.0009415869095193838
ck_f0093064aa28f4d0,0.011995883162865078
ck_ec9976cabc63ff92,0.0020643459666362237
ck_30dac0a58c5590cb,0.15564446981130337
ck_348a525791ae6475,0.061171699302919616
ck_b898d912d1181ef9,0.02505327099235136
ck_f5b1200dc6f95760,0.01831776892524159
ck_54978a073e7a0b1a,0.004244911870203696
ck_55933936536a4071,0.00437044864920418
ck_d6ba7ffd2ae08863,0.0032966679033746595
ck_404e2217fd87fdd2,0.000628084767800294
ck_dfaafdaefa5716b6,0.147083241862135
ck_556c62e92d4e7e5b,0.1681659554520699
ck_7ce44f4e06d58111,0.10584159759477035
ck_465cb8ce232c7670,0.0038223650375736845
ck_237508ca4fb37268,0.11998394827067219
ck_ba4a6b9aa63964ef,0.0200534646430971
ck_4802a0a7a1882c88,0.31629241696674765
ck_9478dfe4114c30f6,0.00194240347209731
ck_5138f6c575dec64c,0.003508886475271731
ck_aebb42afe430e2e9,0.0022858782974012806
ck_004efa95555437e9,0.007114011786249054
ck_11af112667c98394,0.010566144548739071
ck_44e9a18a8645c9d3,0.0005836280948183017
ck_2605fd571219e28d,0.0003157123242803325
ck_dfc933493561d84f,0.0022105820435352227
ck_67674348e68d1f25,0.0042281797345056
ck_dd97429277a2fa00,0.05079422053445553
ck_d3eab7a06eb48348,0.07615752633711248
ck_0b9fcff9667ec05a,0.010120207654799093
ck_fc4bfd6e739bddea,0.002126313525617822
ck_43292f70a03ddf2b,0.007214393083601723
ck_5ff6108056a3fef5,0.004298334205300186
ck_767e0be086b5f601,0.03526013183107562
ck_b8465b1a5666155b,0.016772857737312828
ck_ab2e3fc56f5b3aae,0.039337749611343995
ck_1833c81d693c1e07,0.925239299231685
ck_0308e0602b856445,0.0008990731640928218
ck_ccbdfe744acff8bb,0.02179569235783648
ck_b294aa27a0b586d7,0.001262160950053475
ck_a3747201f377626d,0.9559800370935152
ck_edde1d7d1db24725,0.03161279476967571
ck_ae3b47d6e1063704,0.006947449663197169
ck_3aabf5e0f4defb41,0.003455556234580762
ck_f034adb57391f3d7,0.023242989774712928
ck_533672fb40531607,0.22437180486832847
ck_2a244f1ae08ef83c,0.011403392114843324
ck_a35d81bcc54ece2f,0.002025065258111752
ck_78a61215675b38f0,0.024815145558506488
ck_e013d88ea7939616,0.009039696815712287
ck_e5018f9418e0102e,0.05964175988438222
ck_d4e024fcda401a31,0.016027234803155398
ck_f736cffbdb82db34,0.00032089818802712796
ck_1507f5aa50cdf3a0,0.008868850561199551
ck_18270fee7c8fcee8,0.0026677392954530584
ck_95ffa1a805a1c9d1,0.003563242651053164
ck_11132d245b94d045,0.0009990355948520456
ck_7b93a622e40d8b14,0.1776045066614795
ck_3854c08d17704347,0.11161218972186143
ck_7717fcb100dc4b5f,0.009299867806587878
ck_ba54e0a1c328119b,0.6461239871346569
ck_a7afdac4ecbf2de4,0.6255313997618306
ck_ecfb771ed2352085,0.012889843265344487
ck_68be4fefc85a6b64,0.39155801244387906
ck_dac7c50bd6d0148f,0.0032539510992599654
ck_87cf36a03bd63c24,0.17488217015970672
ck_8adb40b168b59d7c,0.010426842455756292
ck_8d2f62930777416b,0.039626369096391986
ck_9958b58da9e3c21c,0.021942387786280323
ck_9440335375701f44,0.009008662944676823
ck_e2f88e202b6f700a,0.016393938282712885
ck_4c7c50684827a2cf,0.0005126752012037424
ck_8a6ea4a79b1c7a8e,0.004875765342103254
ck_186dbff4b24a3bbf,0.17099760422344668
ck_220fda3c11c59b6c,0.23187509075316803
ck_3acccc69f8b1fd14,0.017893924277903903
ck_9de191bf79afd676,0.007384280329465042
ck_6de6b1663f9457f4,0.0006350065514437386
ck_062754f8b79b86e5,0.00030953862801215404
ck_aa153a89a52f7eb5,0.05954427836112736
ck_34a6bd3be642f15c,0.01919694824143613
ck_9371c700d9830326,0.019639733626958287
ck_a99e0c258ad7576b,0.0018455032013241829
ck_0a7ba51d626e932a,0.028135181055684973
ck_852c50bbba1ead13,0.053051920404412235
ck_43dc13b6b6d31297,0.24000079443557595
ck_7d81b59d615a6649,0.03027266636188424
ck_39a3f1da060e88bf,0.013078148566097009
ck_6fb2d142c09ed3ed,0.019383586915332353
ck_6e5752b87324b58c,0.00405148329692311
ck_9441d48a12e8a4bf,0.2279143010522673
ck_09e9c51eb538b255,0.002123272536010499
ck_8d0cd981ed3a183a,0.011342334932200146
ck_57c07c45269ca8c0,0.005514215675095703
ck_ccfc9ab888ba933d,0.004504224575177449
ck_9658a6ef471053f0,0.0014518578316657016
ck_dac3852758f4ea89,0.00047009833505245633
ck_b1ed2278f5f14d82,0.019810509053136825
ck_333544d173524f70,0.02954573635313147
ck_fd4582e3853ef23f,0.012598334867593496
ck_614d936cef98db04,0.0005538828001226406
ck_6bc351a3d57aac54,0.024953138091836764
ck_af5842fa7202ff25,0.006197971181122014
ck_81307759252571be,0.0024408070409805706
ck_b4d2f02d2cd45720,0.21501810047880385
ck_1bd753a4681946c8,0.9940613677321355
ck_46d8c029d46867b2,0.0034440535870458727
ck_b7da6640fa2f49cf,0.48466408583875664
ck_9ea3d5a5a91fef9f,0.11433764586411233
ck_7b922518f667f76a,0.0004918654224271822
ck_2a5b31594206eb30,0.5016514709532981
ck_d9506476ad3f9e08,0.011309509987559878
ck_c8791f7ebd4d93c7,0.03264599599024638
ck_b5a3e20fd210017d,0.006602625295071763
ck_8e54386f4fe22cad,0.020869765118165046
ck_75296704f5806f56,0.012765613997156287
ck_0fbbc7a6af300368,0.0010043139605145014
ck_d19bf4dc0627113d,0.0033363122743509197
ck_7951bd4eb99a0175,0.0004349466207766926
ck_059e4fac6b7f704e,0.004879747962949788
ck_2ce8931af02a2ce3,0.001975911685285383
ck_9e665618a4860306,0.0029950191782799744
ck_6fce5a893613fd2c,0.0005044729297274517
ck_9e3fbd04e3532f32,0.4992673296045346
ck_55f2ef0de3420e3e,0.036614278444493574
ck_8d87658a6f5d204c,0.6218846282447063
ck_6d6ac1f5dd882aa5,0.0008295860363908815
ck_55d0c7012d7ef236,0.02530933586667336
ck_7738eb085e5753d6,0.0029044741694201565
ck_0e6e05c3cc8c8242,0.010843607018772251
ck_8d27ff8383d48132,0.004161341486221985
ck_9afc3bb849f3a64d,0.004344348511621406
ck_27eb86a9898cdfe3,0.0015527970107292886
ck_1d40e4fc541abe93,0.10129725275940238
ck_4fd9dc00e1913587,0.9953897026950294
ck_b26cdb2b7b165d2e,0.03615438748311472
ck_a79a27767a02e31f,0.025038829613956527
ck_f0c18cb9f951a71e,0.008894109217061925
ck_50460e0189de6274,0.9902760060958957
ck_5e5280539257c986,0.00876097409646505
ck_eeb854318b3a6f0a,0.011249081259475595
ck_943f66f28dd24750,0.000345882015764926
ck_984dd7452aee372d,0.07190459623510773
ck_ecaa6de0aca5e9a0,0.01777036553301764
ck_8f1cbc432e2774f8,0.01226027977232776
ck_d91d9f8445b9769a,0.7812136926965068
ck_73c18e03e3c7612e,0.0003552514381797377
ck_aded05ada490da20,0.005243169358995649
ck_f744e208183971f8,0.000551274547053941
ck_02d4cef6358ad3b7,0.0007775648552318369
ck_08ff5bd467226a5f,0.0008837448325755056
ck_f824b326d5089885,0.29604900433750286
ck_3420f2fd520890f3,0.016557643651618298
ck_1838cf8d00f5b1e1,0.0036394980609159404
ck_a85182ad90b6f1e1,0.0002591073133284629
ck_fecb39c82c43e76d,0.0016316593611739308
ck_162513e73782929f,0.06654030910054745
ck_2c27b77c59d8f23b,0.08733316149369907
ck_4221e07b17388fd3,0.14109689803900374
ck_adfb8472d5c3d669,0.03092363743535604
ck_0742fe64055d686f,0.0006549667632797723
ck_5060aefcc8b6f958,0.008181375982164809
ck_643f549b4ac78a26,0.4763389763071531
ck_dba767885bd6ad69,0.003782989733573836
ck_0dda35c0c64c7073,0.9958587911435846
ck_38ea56d43afa5660,0.011084225327891052
ck_d813e15ac91f487c,0.41066341467542217
ck_4c840e5585a7b167,0.6437189133987986
ck_cb8551453a7bb929,0.000544239748485944
ck_05a00b1dd5a03359,0.0027249410239511716
ck_837cc7fd48453a01,0.0059992949852124364
ck_49dd816b31fba6b6,0.6431753439002401
ck_86a61d9a39768e87,0.0121090257147115
ck_cd0e76f0e7bb38cc,0.009885670719253298
ck_dbe58392635133ca,0.024948109415890207
ck_3caec7dd6f8d02c9,0.00893629596727768
ck_bfd9bfc5b6ab4a54,0.11114885052283154
ck_2103399bdb2898a6,0.004450209849476508
ck_329f7de7279e74c5,0.007576058299490722
ck_9bf0d28119fc42c8,0.00941909482748305
ck_f781539b1042dc83,0.0012716921478701352
ck_9986c7d781ac6b4e,0.004789511720205093
ck_a627734880aca848,0.00047584260438134605
ck_2106e509d77fdb4a,0.3912128950454585
ck_420d1a9c604293ce,0.011338693667368706
ck_fce0610c527e2b56,0.03494498010530098
ck_073da541ec3f9d3d,0.011783400499381126
ck_aa5f3ab48c17fed8,0.2007716603378748
ck_0fc1086e1c9e04b6,0.013865390764580484
ck_5c33bb46c1a5945b,0.006164349941224402
ck_500948a8d4bd8e13,0.009855628661060094
ck_19becd44f2c3d2b5,0.0064425080006541595
ck_7d0fe77dd5ddb656,0.007079236163647152
ck_f158d9e5f101bb35,0.009280407409281592
ck_cdd7c77823c2257f,0.06044027326824767
ck_6c7b41374f9b2e55,0.007011830984730464
ck_417090dbffb1a63c,0.005093554115024771
ck_dd0e17605f970319,0.005744720630121299
ck_3646515079e6be55,0.0038959811209855477
ck_89c8b06aa8c84b2d,0.04339808462131545
ck_e4d6dedd97233c07,0.05360324574324661
ck_bc82fb1895fddde5,0.004136239703583606
ck_88a8b1d442ca3686,0.023572348585854132
ck_5791f8f76a629a4f,0.10327198617600661
ck_9cf5e88e97c8c7ea,0.011692754511933438
ck_58fd684aa5a6f289,0.0006785867131594352
ck_9800c21dfbd8e811,0.004111810353437823
ck_8ae64df60ab6ccda,0.029448167245344645
ck_e535fb0f0c00418d,0.07678978461984784
ck_48011996d54855ac,0.24639546984664895
ck_ac79c72a8fe3fdef,0.03149771853103511
ck_b8cc2df5192bc49b,0.011350766186710794
ck_e96a5e1f08f8a867,0.003169082304749836
ck_84df6770549e43fa,0.00204299826068304
ck_e5f7b99ba6ec5767,0.011515903862942071
ck_8347455ab53ff620,0.003092229247713813
ck_a84f2cdf695a71d6,0.0024490587430240594
ck_90456160115f9ef4,0.0008903490646103406
ck_ebd178b3f3a9c50c,0.013219417169548399
ck_e1140be6157bacbe,0.0004456096800592783
ck_744ffc11d32b96bc,0.019757112627363484
ck_e12a9f7d027e3387,0.0011111545564649748
ck_cbe525da0b69f18a,0.019423627525796853
ck_aa59702537557ff1,0.01234392502213386
ck_0348cc6908f7f3af,0.0006160974765970031
ck_120e995d50956bee,0.12989687417438342
ck_9fcde1ff46cbbea5,0.002744994424830065
ck_54b0b070689c50d6,0.0005202254500625658
ck_966a167758fddfd4,0.04151145711273377
ck_d5194f2e92fd6427,0.033675034316007144
ck_2ee84f3fa27f2cb8,0.0019443395337927264
ck_57d0a7eb7eae2eaf,0.0324363541908035
ck_6a2c4edd82e10969,0.001980075969208893
ck_96e4d38ef670eaff,0.01928161946246599
ck_52cc2fd5095b169d,0.012431064307885414
ck_4b088920f3a844c1,0.12608793367939222
ck_8f3ccbd20d59f1f4,0.0016849385933510555
ck_e5e5dc431bed6f9d,0.001982258942066813
ck_e8b5bfa6838e28d1,0.0271411825632197
ck_4bfeb78b47b7c6a1,0.03951293928662932
ck_a705c61bd679496f,0.0028009124544255927
ck_731869a0c39cb2fe,0.022940534570149877
ck_259eb102342057ea,0.030256247710978228
ck_47a6005fabc33551,0.002203430866493341
ck_682262b455a9edd4,0.0006872566921043482
ck_e839d104854945f0,0.00197531440739328
ck_761989aa4c47d746,0.04948490277924049
ck_44211dc210139ed3,0.004775518570978444
ck_9915ceedf63a5289,0.08705509251524124
ck_da59ab47cb6284ad,0.0004595961824500241
ck_e5cdbfcca2456652,0.002786895730488976
ck_13f2560c6a1ec62f,0.013821458307336849
ck_a0543e9b3abe1001,0.008636425683309728
ck_11c7a58e09e6547b,0.06844133721605157
ck_69587a134d43a4ad,0.19232256569417383
ck_28dc0de0ae291f37,0.04315031369787327
ck_298922703c5bbe05,0.00864024594580445
ck_fa5ba9ed9ed6a343,0.05252997429515789
ck_c08e64d424e56c05,0.010262752237234055
ck_598e036a28262aeb,0.17866878409450607
ck_3f7c870510083a51,0.03626073710528174
ck_364f8203a3e98d36,0.7358873410945987
ck_7333cedb61506ead,0.027544967395279465
ck_1d96d7fd65f208b2,0.015667607275581842
ck_63133a79f23e2627,0.044482723827575586
ck_901d820e0b72abae,0.0008249018356982491
ck_5dd80b3c01457bd8,0.020830946880331325
ck_c0b8067c144ed6c1,0.013452986452127128
ck_cebb8aa8c8f62c60,0.001023564035579995
ck_79749eca42ff1f5f,0.01438692543856555
ck_2cc1d9b587f6da31,0.2010433245390752
ck_ccc7916b56d42195,0.0023422673589470686
ck_e43e53cc7b8b8e41,0.021366212419079475
ck_4ab74a6e7450416c,0.0008524545975018031
ck_6e44024e9de301c6,0.00027874894880938235
ck_dd78cb6ae2866cc6,0.005983864636326816
ck_c363d3b050baf3b8,0.007053402777199631
ck_2d46291975f0dd08,0.0027370028306760914
ck_76ebeb5aee42f041,0.07841473187469879
ck_8395f004cf4d4c08,0.003063504471624521
ck_de7259c3741db179,0.022652584895595927
ck_3938e92585df2b34,0.014178167017995553
ck_af69bfcf4f07d932,0.007720081963703588
ck_1723900ab9afe374,0.14056242179849754
ck_3d58628d1c853c8a,0.007726808883937444
ck_12a074db100481cf,0.09323706417602354
ck_8716cbf892c50e29,0.018296677818876422
ck_fbf7351958ad9615,0.002177181681357625
ck_a50370907e6b397c,0.0812775895913655
ck_937402a60df0821c,0.0005696547931192316
ck_8ce9c5807acbef48,0.001566929106231798
ck_acf7d65eaaa4c31c,0.0008830860198482998
ck_ec3eb6dd0967cac5,0.019467653589977874
ck_fc832b0c90c9bdb9,0.9832375724680573
ck_8129e81cde280131,0.0056632001757459215
ck_52c0ef68aa2fb8cf,0.007465312738141985
ck_06f042e9b1b662fd,0.054343897880811745
ck_0bf35dcf7b38f650,0.0005310657496283545
ck_615763afc2e17a7f,0.0004694237763028085
ck_e72db9d4b2fc9997,0.9898886204536822
ck_13757bf0eeb353e2,0.0012240775336193437
ck_abaf371ec8249c4a,0.10227873135078049
ck_9b7167da0920c37b,0.22882370408151914
ck_2e824b0b27494a17,0.028864994015049283
ck_9a0b605e9c3220c4,0.013029631252168723
ck_a5276af466b681de,0.0005072947299242046
ck_9e0383e1fb6e214d,0.05158265906793362
ck_6a27c44b691dbfac,0.0009140868883666705
ck_af39767cf583905b,0.011392918798607866
ck_243b1b9fdd3f9a74,0.0003907680793243759
ck_c0422e638a9c6046,0.00954029149099792
ck_e0f3ea3373dfc4aa,0.005415194815271315
ck_d56ee1654378ffc7,0.027181158050072908
ck_20cd2f5666719baa,0.0006999136003192255
ck_4dfa1c1e9b69fcc8,0.010572015875955148
ck_5d22e9ca1d15180b,0.8799678342694532
ck_f4a7ac178fd55f0e,0.0017722401079012491
ck_fd5609bd23a1eaf8,0.006199477546464627
ck_49c3bf13dc9471ce,0.029542415359513748
ck_724085c3452d4693,0.4808999939236062
ck_e5d1462846154a75,0.05230043083888098
ck_c69ef0f3e7d6acf9,0.024535876244059132
ck_a2d0417791d4132d,0.004539508905089933
ck_00a07fc2a9183c3a,0.0005503247294455223
ck_781b8288e54ba8f8,0.2623216139973191
ck_d74a62ab3804a81b,0.004665524585683263
ck_abcbde211b6267f8,0.014301215854093743
ck_16dbafc035574654,0.005991428547023251
ck_018f780215ecaf38,0.01102328048203752
ck_0b259620eac51618,0.0010683330809091293
ck_4f875342394c110f,0.026181357496754765
ck_399e45e5fe9beaee,0.0046527297643631435
ck_36224a2d394ebfe4,0.012919653448877765
ck_c189b551bd111332,0.0007929891688276599
ck_125c5a720ecb177a,0.09131129024729855
ck_76d010aa02eb477a,0.00015641788991328388
ck_1071d14c46c92379,0.5957180202179597
ck_61d244b2cde483af,0.010954415970269003
ck_2ff1860da2004c84,0.0011140999939113659
ck_c5b583490198672d,0.004832509341833316
ck_1294f7af22fade11,0.14633523917161223
ck_e3a22799716df39d,0.00257073749659066
ck_c77e22834ef97005,0.755328038233647
ck_73d3689728270a2b,0.0013188334140441342
ck_295565fbf77ef885,0.0015168825615947939
ck_80c0a7f54ff4895d,0.006839755097031464
ck_f1ef5cf7f10b16c8,0.012434562167762491
ck_a958b2461ffc21a2,0.1989899203593972
ck_0e7899a57cd617d6,0.001032345482543506
ck_9d4fed252718f58a,0.008229941523105133
ck_83c2c34add971d76,0.001966199763633687
ck_9ccc030ba2de9fb2,0.0536701133397074
ck_cd691e3466fb3742,0.003220371646169044
ck_49df70f908dfd069,0.04080964631943098
ck_362ce13eec1e33a0,0.0021949433112886906
ck_2452a30397dfc54c,0.016527059673596523
ck_a443d49c2b4863b0,0.007545350409467464
ck_c8b2e2cb349dd0ff,0.0012615620886563001
ck_354909fecf5da8cf,0.012632409310376985
ck_841f598bbd54c83f,0.02226776339974329
ck_cd6fbd4e8724f994,0.01595246134663838
ck_e0b3158111370118,0.020208788201123068
ck_4c2f2eb657c2c60e,0.0019382138272330545
ck_ef346071f0b7654b,0.006088770596881336
ck_f3bc10e3decefce4,0.0010383475947321557
ck_189b6fbe9b9192e7,0.0067736571014617355
ck_5245cbc5ff4d4fa6,0.018902861183628987
ck_cb42e3be6fe87f60,0.008538193372689278
ck_966d4d713cbc7792,0.0016272073222834812
ck_1c8c969667cbaab2,0.871968375408892
ck_d35e3aa9ef5d405e,0.36210067890209563
ck_a1c39df50a5873b3,0.09521091457897013
ck_a152165caf295b51,0.007489168796199159
ck_891eaedae139828e,0.003927911564598642
ck_1a46b56f4734d52e,0.009027116005024758
ck_5e36042cfad96c99,0.23430522550174826
ck_02a8582c2603e675,0.0066612989375451626
ck_6def9d0429e4ed4b,0.016039169774425436
ck_e137400825a1e3e6,0.00600307041966984
ck_d91ab840848a54fc,0.0007758052983444712
ck_becb6e1c608e0078,0.0012036362095519818
ck_6fd8c86ac719d7eb,0.2189963505847574
ck_3ed4d13f12fd9d0e,0.08574637312244361
ck_007337aa99a4891e,0.0003112007197082383
ck_60c3d8306527a08d,0.0009016014156696097
ck_95458880a54df0b1,0.20624121650876895
ck_b48cd8593533fc1d,0.7697128447913896
ck_021c6a4a7e3f1f0e,0.0007022696365857978
ck_764d40f865e710af,0.01059402529462122
ck_4b84357ae8ec7777,0.02489664914246064
ck_3397c7856b4669a5,0.00043623512597315995
ck_920bb003b42e6310,0.002490700100663222
ck_8f59f11b512d5b7c,0.03735642748742207
ck_a3acf4b986afa98b,0.02707557529081389
ck_e89d25ed7bdeeaea,0.0027016209411315825
ck_70e6bca473bf6902,0.002446998035558759
ck_186161ce152836f5,0.0030856833424554517
ck_9191579254663f5d,0.00444496781868742
ck_1e6628879e9d653c,0.01170058683306838
ck_b498fa91a0776ff6,0.004814886536730928
ck_cfc2384f22954830,0.16576492857731223
ck_17673a1c2867888a,0.0003408904024308099
ck_523dce06515b072d,0.008138283847468605
ck_c20638a325ead2e4,0.0017693328296444323
ck_d3877e1f907cc148,0.03159226912442939
ck_e9a2495dea8675e2,0.012777031708160046
ck_7e561caa5fa1f3f1,0.01013905346549054
ck_455672e652fe1abc,0.8892153086636496
ck_7f8f864fcc90ca82,0.023556211772053123
ck_1ad36046aaeb816c,0.002786322168602896
ck_de056e37c82e8e00,0.014273367183220559
ck_7484c214c889fe7f,0.026412856545666663
ck_32430e678c4f9f53,0.002371126669883147
ck_6276ece8f80ea799,0.016982633109663452
ck_ae8e5dc4b725bc25,0.004887037895959625
ck_f01be92dc78a2dc7,0.023517602562904874
ck_233397a8bd40d38d,0.0036571046055402286
ck_f8124911450fdf31,0.8910217707916761
ck_aa0a3179f1111674,0.004179681621207778
ck_2366b29ed9887a5e,0.0009036909174266776
ck_1f22f04dfc08cf27,0.005587852540343467
ck_b62276c3426d680c,0.016761082765113358
ck_d099fca88691f66f,0.08463283267336805
ck_166bd1dcbaf4d6fa,0.0007144911393005653
ck_7b1660e942436e12,0.03821894048882739
ck_4a9a791a1d409a3d,0.050791592193316866
ck_b003e5b54df65db4,0.02556690149440853
ck_64b4dcbf436f0b75,0.005199285401385324
ck_26e9a7bb2061a58e,0.09224003965350072
ck_08b77ad5f8f73007,0.001598601416169179
ck_366616a725afc6bd,0.054755850546153575
ck_934fb5064b6eefe2,0.0018749030802373136
ck_c6abd5d57b1009d2,0.0014444836021435892
ck_edcfa9e1cf29d813,0.032539256469619825
ck_c30201ebd003fdc7,0.004661392825476139
ck_c54643d94d3ce355,0.03698184864415637
ck_02adda6e91e49650,0.007201144888522625
ck_5b73d7c5255e58a3,0.24598978971299554
ck_129ffae92dc01408,0.0002362961367244022
ck_fa321945ebedb916,0.011625689582713254
ck_8da980cb2e1e2bfb,0.004362697370266876
ck_0576b00d728bdf19,0.033625875485922774
ck_c543d82e22b3c8a5,0.0008275178566978672
ck_0027ba644f9ae2cd,0.2521353366843492
ck_8dbf61df902a6bbc,0.0006535317114547814
ck_90eeca1cda79fd41,0.0009086995202219018
ck_86d7127391d4e01f,0.0005319969393403066
ck_73762038c7ff2f6f,0.0016557050306045859
ck_a1484e6215fac651,0.8383771032101803
ck_cb83b9f806e90dc6,0.06516226683470872
ck_8c6f059c95872126,0.0008646631476156195
ck_3174419a81e7caf2,0.004701962095630907
ck_6a0f8f8fa4a3c2bc,0.01815985788308578
ck_b5777605668bfca1,0.0011972033811458059
ck_27e4de495abb4d15,0.004921000315112355
ck_7f6fa79c7a107161,0.012455247984388428
ck_c36ed9f8e6792ea4,0.009455822950190658
ck_67a1aa88d2ea554a,0.029219914874645342
ck_09748dfe4df3d540,0.000402451412836944
ck_27fd85b1e38b675a,0.000300682191485383
ck_2369689bd795ee10,0.001215579712686749
ck_4eb1c12f7d092bac,0.002025169955763871
ck_01fbafc42c8e33f5,0.007420713647045114
ck_93c4e05699b3b7d0,0.007439983688250039
ck_afc484d1b6907983,0.0011389091843332375
ck_1b2d9cae92a1aab1,0.07348861659675737
ck_73b729cb161487f2,0.0030496949536335943
ck_fe3c1d0ac090d960,0.47121945314092906
ck_408efac1d3885ff8,0.04909493628271615
ck_ccb4dd9d0a48a76e,0.0018636276060863518
ck_2987eab34ca7805d,0.03635383122359945
ck_1dbf1f15193197db,0.03175271268710014
ck_4ed711fe4053e74d,0.16125680881465418
ck_6c54adce174f45f4,0.001888130537706514
ck_a6c740041faf0bd5,0.002129489734761985
ck_b05c4d33c4f43639,0.03412812758327447
ck_032880f1114dd51c,0.025878162317169766
ck_22311b037456a76e,0.0009007262646319617
ck_5866b413549765bf,0.001498258179556488
ck_0e808afe2570ecac,0.00640684389854369
ck_634276b05f4381f8,0.005348081376033047
ck_5d8773badd0d4740,0.01188856049586853
ck_82b5b79ce3517102,0.9668327376143826
ck_b378b8d8100ee4b1,0.020652027391689563
ck_54e581f71be5430d,0.0007267405305138067
ck_798ba4b8aa544fea,0.005785273685951451
ck_3fe86b6331ff95e3,0.43298957987990994
ck_81275d9d4c559e6f,0.0033105225305164465
ck_99a4e5ef02d89493,0.009954274486739283
ck_54e2eb018d947790,0.0035212084916691204
ck_966901ea9c77cc02,0.00377000529612264
ck_27d69ff4e0cb428c,0.20041526286211436
ck_2cee2dd7bbfc09a0,0.8826566495449024
ck_4136b00924695ab4,0.00021139585553856823
ck_59a164c40c03a45f,0.0010641221149521895
ck_3e24b026bc66789b,0.002234533589805788
ck_8105bcf69a75ee47,0.0016827186934910024
ck_7a1782cefe26a456,0.17336964431858676
ck_970c7dc195161272,0.0006721719126003267
ck_a48ec0c00ae20e82,0.02190905915413103
ck_54b374ade34e1dc1,0.0017817401473810453
ck_74e5dec189761d14,0.0027569454292099803
ck_4717f24f2c6f40e1,0.02737549719570107
ck_fc8cd8a8209e802d,0.007373473642454659
ck_71db4131d7efe218,0.0016028546922309899
ck_45424ea6f0bc4650,0.1849010841729504
ck_3716c6181a5035bc,0.011841305890791014
ck_26de14b96bdad4f6,0.0025004818836520254
ck_99c0a41ac9c73857,0.010650498148768606
ck_645f15bbbcff3b4f,0.9917298163757011
ck_b7e25ddd41514d4c,0.0007549989101094613
ck_d5c14e877ca7b755,0.004071855473682099
ck_05ea4440dac6cfad,0.02126296096522111
ck_c58bafff7b1955cc,0.03559698520031591
ck_f0cf85b67a9b840f,0.008056457180869128
ck_ce1500a7f0d03fba,0.003528327619677203
ck_d4972a775aadbbc8,0.005320637045398135
ck_3eb6146c262e0fc3,0.00038384803961962524
ck_afb23858a4ef42ed,0.9934208849419699
ck_2c1def5c91c52a5b,0.3725923278985535
ck_72e550559487b919,0.016043513822011055
ck_0284dc2b4f856b3a,0.6092326483751234
ck_03be334935e999a2,0.006897489965870252
ck_e35a4b4a3cb4cedf,0.006436615790499824
ck_5abe57dfff4b735c,0.0019451734712430929
ck_f5f87f772388efa0,0.01830511413948419
ck_5a22cb36d612236e,0.01757491424618785
ck_8ff1e6028e764472,0.8349895051250985
ck_2ab28149b0986642,0.01859128613185868
ck_c88fc1bac79fa6d3,0.0780501447106832
ck_5b137d74bba6b1b4,0.0015675981820964472
ck_11f362dca2dfaf5a,0.010531936565573765
ck_7f960541e5174565,0.0009707526907662962
ck_d5458ba39ae94498,0.05649803336090697
ck_0a921a73a90c2e39,0.03828808249183039
ck_6ad56ef40086dbe4,0.0015903991860796319
ck_b68199ecccf2350c,0.000690083766588048
ck_6dac66c8198c07d8,0.004323832452778542
ck_9b9ce7bebc235fe8,0.0008264900878008903
ck_6b817117d87063a8,0.005258090918940075
ck_900d62b3184378c7,0.0005329900002941851
ck_eafe9b89857149b5,0.0015796451581993522
ck_e74716a525ee5b24,0.0012477229682249361
ck_4e9a6f06ab134102,0.042927349220168165
ck_b0d33b5a3716661d,0.0050362312236978644
ck_8703543bf3134306,0.004878636911260036
ck_923d6a0f83accef1,0.006486112345309603
ck_52e37e2170532e2a,0.4743708298584159
ck_c1c5ea839c58958a,0.050397022706839205
ck_660f0006780e87e7,0.004691333704896546
ck_830b2c5d1818ac07,0.02808470034528924
ck_b080ff636932d1f1,0.0008255222589018279
ck_38730aace405f2ae,0.998335740450897
ck_9790138467a06223,0.00048492353478379505
ck_10de0b0d86b17839,0.0006416000940083376
ck_c3e37a4d3382c32e,0.001039032991803776
ck_dd8edfefa1eba531,0.0006693788420135966
ck_8153cdadd300d234,0.0005641153097204216
ck_74d0e7c2c6b63d36,0.840866615383452
ck_c478aae3031bb328,0.00090448529171149
ck_cf301f2194975866,0.011798599999850421
ck_f4de03f44e3a5bd5,0.0008228963230875071
ck_b06ce826e593b210,0.047472001922055564
ck_2fc70b6baf6a0e26,0.005364477791270831
ck_d208494cf5c90047,0.0689737429723698
ck_086d29ccae565e5d,0.0056014104776263805
ck_d5ef6dc116dee408,0.00910406567663874
ck_fdf0c5b722d83464,0.002111853688921279
ck_de8494b13adeffb5,0.0006026227683503291
ck_556786868599143b,0.024385108655176957
ck_4940e78cbdcfecf3,0.01639970957802467
ck_d32fbbfe32c00416,0.015539858557208436
ck_bc7710f7e9fae649,0.006340939529242284
ck_416f7ac57da081a3,0.004036209588735875
ck_6fb39b60c67d5475,0.002667271651493764
ck_e40a156511345d6a,0.001075367921951685
ck_49ab879b5aa7fccd,0.08293482638573273
ck_bb643194d1cbc47c,0.9969335218381989
ck_b3ce8f1bcedfa043,0.0045162562500126865
ck_558ebde8c29132a4,0.02820508880523391
ck_e6222925762273b8,0.13884407294025744
ck_bd80546b4807dd59,0.012154045769585505
ck_bd21164bd2bbb635,0.011665609181650778
ck_ea835557d7043667,0.005140389850131946
ck_1411a80a157ff39c,0.016849370962888573
ck_ab973888c20c9120,0.07762760239960745
ck_95b48972061abe82,0.0021856562292757076
ck_fc4a43f8876bf10f,0.7839392121227597
ck_f34fb7ccf82f41e5,0.009208638341137203
ck_5af9934a56801ac0,0.003728200880144843
ck_fc7445ec76389a58,0.47020129742517314
ck_1eeacc26f02fbba4,0.009246877762603205
ck_4f325dd15c9bd45c,0.0310597517434891
ck_5009a6c8bbaf15ba,0.016369783837542
ck_0f3de7f074bb33af,0.003505319558801958
ck_2cbc2f93a32eede8,0.058136806779325284
ck_4bb90a61c21a303b,0.0026919803687948836
ck_3ade9eac7d7b0dbf,0.1388439735730323
ck_4859a58629622915,0.0075412804293425945
ck_5fed957287ebca03,0.001897738017808358
ck_ec01ae5351500355,0.007241737783388694
ck_703b41624ae6a5b6,0.003408807353017703
ck_97c38e7f61c27e47,0.019672055090341707
ck_db2c0908150cb2cc,0.023877914161887094
ck_64ac5e6fed86ab60,0.8619201865543187
ck_da1c853b0a061e83,0.023947134684971005
ck_9a36916b60178ded,0.8789293151661154
ck_3715bfa7fed2c675,0.006241751902155573
ck_dd3feb77d7d4f6d3,0.006637289992283336
ck_982ebb24174a4ade,0.004875632226858285
ck_f6b7a10d47dd9a1f,0.01395192205436575
ck_1f56fe99f250cdf4,0.01590507981541306
ck_deb3ac0606d6f6db,0.008584868720048298
ck_e666629e5a41b39b,0.005057560126206454
ck_756d2c13d02b3e09,0.008431624201593851
ck_7bc752ae7cf5d55f,0.011357365121579035
ck_fc0cc4b25e6a8194,0.004134755313860011
ck_9b2b0e286de78a1b,0.013604147822753135
ck_24b0803447211bf3,0.03698032530369472
ck_82eed68d05a42128,0.037991087188242276
ck_c8a03c516ed5b05c,0.053819133625747445
ck_e914974cee1bccb1,0.003767819941265767
ck_0c533ff2d0f9962a,0.025999043560167107
ck_c12805fa5d970a83,0.02068940763656719
ck_fc2cb29918631f10,0.15821299529588073
ck_c20e89afe575549b,0.000589990978684826
ck_e1ff9e31becc27ae,0.09190945025909264
ck_18116d0ac08f1996,0.9829610717861275
ck_885a83975cea5e64,0.0012725073061194592
ck_a0c3059a959ba5d1,0.012962363713834999
ck_75257ca7d7da2861,0.012656521424376135
ck_2210f7a0d13bdbef,0.03171487106952168
ck_9cbd9ecf8374f65f,0.013915751421667712
ck_18f67c00ba21fbde,0.007145073857543379
ck_2d28f14d3973d8fb,0.0002923269637597202
ck_8b3401b44aaae728,0.0030675819477192666
ck_9d8e9ef37797d3af,0.7777794607249724
ck_9f50920c894f64e1,0.012948384355067706
ck_4737e0d56c6fa0a1,0.0199457865010869
ck_52c311f29ca3aca9,0.00021684665756242753
ck_6a4981bc721df37a,0.00982239588749444
ck_823539d936c55fc6,0.00208552756457455
ck_df5aedb4118020bf,0.9545130336145222
ck_a911a066ff0f7b56,0.06386180284731025
ck_684609767df4a14b,0.020747145538651927
ck_f2350bf355dc919e,0.007077628031354139
ck_8452b6cf97c65a5e,0.004611477051170577
ck_084cd84501012218,0.8716549055392506
ck_ace6b72e5bf3e93b,0.49222067862526275
ck_2afdd69094c955c5,0.07206192214881521
ck_fa7d5be26bf7b31c,0.30246440226922044
ck_4b041217690fca2f,0.033788340848474756
ck_9fb8e3d38cdf276d,0.9515067653166605
ck_c1ee56d65a42f59f,0.019064660452100906
ck_fdeaa1cd085691f0,0.07599435276817555
ck_5de33a7a87e9aa62,0.033345243689919424
ck_7476e7fe1ff45545,0.01012348041720627
ck_b0a947b498e47018,0.006406474199566392
ck_e3894ed88a7977e4,0.0011561483080262148
ck_c7e07ebfb0bc15f6,0.05150781002313782
ck_3a3daa8b376f2a18,0.00037570110566677783
ck_87809324c2675b0a,0.024350073600946105
ck_7eb4f33260f1dcd4,0.011327594266901176
ck_ab9f0e08af030060,0.005392386638777101
ck_5b8fc4a76f340797,0.03306692177440043
ck_0e7bf10ef49aa818,0.026791555532139154
ck_a44462a3853ac67e,0.9905392473950873
ck_2d14bcd2e0fc043d,0.0020013226171028946
ck_df1f2dba802296be,0.9388140057793913
ck_466a7316eaf149b1,0.007720532544525252
ck_50df50af592b0c06,0.009919657899953731
ck_5f9e34c849704b95,0.0004864421115486704
ck_7836bf6def26aa87,0.004916634758849551
ck_ba175b1bd8efaabf,0.005879095363303242
ck_1a0aac7f7b94b1be,0.20032959427325514
ck_6768c4b2aa8ce586,0.029982747968400936
ck_eefcf0ed15897898,0.009332107336809541
ck_7a6cb27e390b6ceb,0.004045185231917436
ck_5275be4e1577c1c7,0.0006153607371327204
ck_6bc0e5b8c0b7d2bd,0.01567783920623598
ck_4874bdec79f9106c,0.020714033217583756
ck_a678731156ad7bd2,0.1763330613030738
ck_db906debc36a5d1e,0.05594637186007542
ck_e87897767c612942,0.02260032353805482
ck_45ed5ee496ef8a67,0.013328924501737806
ck_ae20e28f9854f3ee,0.006122907950681829
ck_9ee044b73943a90b,0.00364543701582345
ck_dab34cf6f0626c9b,0.08996269070486093
ck_64a02b7b96149810,0.002137680151697333
ck_c417d06f3e94685d,0.001021351443332435
ck_3e0149cdee4cb294,0.020413416617993375
ck_0e6046fc30f81705,0.007317252099349417
ck_c383aeabd53e9c89,0.010006512536273498
ck_2ef76f1f36e8b869,0.154768046873351
ck_43948784650bb9ac,0.018480718685197375
ck_bdb966f43ac350ee,0.037619918984078835
ck_5bea0e0ee0b094cd,0.010316089755020151
ck_dff090f03ca5529e,0.002885850491759189
ck_a4691b57f837d88e,0.003718979291256644
ck_99ee90946395d74d,0.8479292049635951
ck_cc81dbc83a8879fd,0.0033448475561313968
ck_f3dc0725621b3a35,0.0025669689465104215
ck_1bb212d1288b9689,0.052954937430821546
ck_9e7278fc7679f002,0.05116324483829912
ck_3ded7a8720d7e311,0.005886804966297743
ck_798157bcdb9453e1,0.0014874403467732844
ck_9fba80f56f357fe1,0.0039761976083572586
ck_f1e1c8491f16f912,0.005708135890545104
ck_7b1319a5ca2f63c6,0.987575870240224
ck_124432fd5c92af7e,0.8709670993521427
ck_148cb0c723284dc0,0.011149466400872374
ck_b56c62c950eda009,0.0010024511175952884
ck_a0498755cd8d7188,0.0003905521780163009
ck_5379452a9d74efae,0.001064096256710781
ck_6c2453229d608183,0.03209048917097722
ck_f9d8b4813a88c1e6,0.006907209765466861
ck_c2c7d1e45a521857,0.08490300221403631
ck_4364a83a11743888,0.003623248891090893
ck_2cdf5fd97ba75e06,0.028826862904518497
ck_71bc01291e0533a0,0.0009589203160738758
ck_a725d7aed2a0bdc2,0.0007868574707271063
ck_a9b0c4dbd7db6a91,0.018069806619688933
ck_a4258806a533efa9,0.012264992061413026
ck_905e460591d9a278,0.14788176667562683
ck_20de8abfd8960ee3,0.008232676380974841
ck_252b0a0f1119b220,0.00046956969377233323
ck_95e4bef65c36af1a,0.0004850394493386335
ck_5ab68b434ad53fea,0.0028672933340424794
ck_13677a1957078827,0.0004738026648534408
ck_d251e9fa09e542dd,0.9981142177842658
ck_700cb620f300dd47,0.009778646795366344
ck_39a68c55a1bd3ace,0.17676815937971635
ck_61a59a7944d6c53e,0.24895777279926304
ck_db6d1c6d31da967a,0.0006299347719668367
ck_650020c500b1b50d,0.009712657499618254
ck_d812eb6930192793,0.0017149103723943767
ck_92f6ebc11ebca89b,0.04577832130089757
ck_d87e26eb5bc84b01,0.001707781610669085
ck_66439e697695224c,0.0013661386564754257
ck_f21efd504faa654c,0.0003539523783765464
ck_15eed0f5652f0352,0.0028867959422289226
ck_bcdbf57d98dc0d27,0.03275997838003837
ck_873ceb8004d3a9f7,0.04774304041351005
ck_70bef9ddd4bab005,0.0029146569085916935
ck_7560f1891d66f294,0.0022111115970956507
ck_f439f16f8693883f,0.01676598210102715
ck_14f9535e53f9c7a6,0.020990027382680514
ck_5984be472d2bc267,0.18208025576943876
ck_ed01be7504dc4187,0.07742843082999998
ck_dc3d8b5c17b67ae9,0.0007934770745440184
ck_9dc23031b6b494af,0.14981502952966183
ck_fbdac0221bc03f66,0.021506084481973983
ck_863708a99b92ef0d,0.014876511378841826
ck_22b52654776a1ea8,0.851745702649835
ck_a0714f98001efa0c,0.0029970607741720383
ck_9c56114f84e9a541,0.011620674048426056
ck_e155cf506b2fb699,0.0015823475475393407
ck_65ed7e72f24731e7,0.002062674519230303
ck_822d6e8e43befc72,0.9586897101228093
ck_b1182471d9ac6b26,0.0004909490819261606
ck_821446adc95e6da5,0.009332647998279577
ck_ff182f033134dbb8,0.018845557446570328
ck_9c5feef7647b0588,0.009963001557449409
ck_df935d8bdd44883e,0.00878724453433344
ck_01eb24c18ad11fca,0.13337615585239906
ck_00d6730134a1eb51,0.002236655442116679
ck_79ba8e85678d0224,0.0020295908904594887
ck_97e3b04a1350f6e4,0.017510364358124503
ck_74e9747954a46eaa,0.0048950629347686275
ck_397d5fcc9972f909,0.106931946891994
ck_9ede89e8a43c3f53,0.1543137762538069
ck_303b33910d67f306,0.0007127695293865783
ck_3c17841636f6f7dc,0.003674511372785403
ck_78730527f8ba1438,0.12533307230324914
ck_5ee32bc6bb5d1d4c,0.28785735320448513
ck_a13fee8cd925d0dc,0.012020113923477167
ck_6f847263379f2e43,0.022039522858933798
ck_9b9d9e579e7b55b2,0.1120909875022364
ck_87c1d0a79e79c84b,0.010528912026804735
ck_bfc453eabb472f91,0.004202355098850081
ck_978c21bb5fe3171e,0.07504156574023235
ck_dd882323474431d4,0.021603741306063913
ck_533c4f7400d5ab22,0.026496567974328734
ck_5f217bfe28954e75,0.9922629163046051
ck_ae96d35465b3b4bd,0.009738925711684845
ck_512ebe97c0af94dd,0.09177242367128051
ck_f558fe02bb0219b8,0.010883770017864447
ck_84092e23d5ef4d51,0.02702766090872347
ck_17d3022ca12eacd7,0.006002785084072515
ck_8a8f81bf3558fd9c,0.0018831441617601983
ck_0ada6fed1864e7c4,0.007451152325457533
ck_21fe7bc59dcd78fb,0.010064302896177857
ck_e136e20c1c74fe38,0.003257106848685111
ck_e7a530e09d113dd7,0.641006447632491
ck_7cb0c9ded4d63027,0.028315113541238834
ck_102db9615e722c9e,0.006934084488681552
ck_129e39ddfde92eeb,0.0017314761072175988
ck_d730ff21bfd7769d,0.005287892215943798
ck_54459b45d2be8459,0.0008678842472412739
ck_7f1c20319eb60aa6,0.9985293492301792
ck_939fede90473e412,0.0043671470604053145
ck_e0f9506a6d5f4a1a,0.001517095993758691
ck_9a4967cdf49265cd,0.13761086548373974
ck_b9eaf03453ac7d5f,0.001063182022421661
ck_522477be6376b450,0.004932223084743758
ck_9b6282e3bad50710,0.007054369576113818
ck_a0e3a2facd508e49,0.01197633585275321
ck_97ffae702f7c3d08,0.0005916778250064823
ck_344a95cb7115ec67,0.01615169659395151
ck_1f2760764afa45e8,0.001746440511321061
ck_720cd658d11ea428,0.07688301337340706
ck_04e32ee9834c088d,0.8643836619828695
ck_2bb1389e5e72c8f4,0.006176695812762531
ck_961e7dbc217cfbbc,0.0011342121387591456
ck_f3bce4eccfa6d6bb,0.0018311152094306268
ck_e0ccfa0d689339be,0.003413766927247669
ck_98217aeafa0bfefd,0.02816717008124624
ck_a02aeec1914c158a,0.020271751240489737
ck_20a17e8f206a14c8,0.012475114774917046
ck_114c32aad4b6183f,0.01571121855224165
ck_79f5198f0decef20,0.0013145276855430037
ck_2209de229b4c71c5,0.04245050719800142
ck_6ee939b7f396975f,0.0034819749787812788
ck_202f0c14b07ace01,0.04942842456601269
ck_fa24db9d416ab904,0.005565141635233341
ck_cf6aa24b92c4d33c,0.4451810271311208
ck_45f57fb8194cefc8,0.011013313444265725
ck_d5eb179dc45394c6,0.010615313659686093
ck_efb24be983342f75,0.006559304793827658
ck_245f5d62ead5ef28,0.008793310437500042
ck_15fe2a47fa7e92ea,0.0019893486879548985
ck_b6527a85fd682554,0.026502824770897
ck_11f9390a11ce9ff5,0.04226271618032136
ck_ffb4d892c5158201,0.0005857723268448791
ck_d4c1da5a1427fd6a,0.061104906514192085
ck_2c041b1efb1c5063,0.004585156551934758
ck_ecc18f40b33be769,0.09347233329192715
ck_0525349f3945375b,0.07045608082625725
ck_0bfe62e0c7eab9c9,0.03193295811568955
ck_b7c37d410b1646c2,0.025742264317206512
ck_4b15b0746318cf42,0.13007858800744374
ck_e5ee006ecd8ff661,0.10629825075732498
ck_ccc83cf66365357b,0.09334825960326783
ck_34a33ffe8339f66d,0.9939443073835377
ck_4e39e3b165edab58,0.9347378407809086
ck_1a71f8081ae00190,0.9386109420481923
ck_ed8f1200fc049c40,0.9773213803206793
ck_8a5a57858e8c77f3,0.022955930692510382
ck_fff9fdc2adf5100b,0.9699831829332699
ck_c76f1bf40f3b787b,0.000545488411787657
ck_1a6ddfeef82b1b1a,0.00515388673320804
ck_478d2667aa9896d9,0.004441361495683353
ck_641c8e7694b21f3b,0.002826000693136041
ck_293581d879f6663b,0.9157658201159156
ck_1bfa8abdb22be8f0,0.009749817010114908
ck_05ab5b03d0bf9ce4,0.4125082116628618
ck_35694db37f0cde7a,0.0018117640598070872
ck_fe33eb743d714c03,0.007348551518957516
ck_abd10fbcbaf2b038,0.002449855776441681
ck_46d51648c1bf80e5,0.1889868613569095
ck_5c8390017fabfaef,0.02081722286164614
ck_87d55ca333f22072,0.0004824115187574942
ck_c39c6a1453e2b92c,0.0005091788405056608
ck_69ff1b0aa143a168,0.00029900180929231103
ck_e57c79eaab35ded7,0.0005403447079507684
ck_463ae759e2b6ad1d,0.006049175405455548
ck_0dae4a7eb587f3ba,0.04300429069877924
ck_9b12fb56529ebc4e,0.012878723904879312
ck_1af547077ba2dd03,0.18802914704152388
ck_de13de941bebc7cf,0.0004408271224457703
ck_83dde7da2bf647ac,0.0003717292646381948
ck_c80a94d4660041fe,0.05777133909725196
ck_f39cfeb277ef6528,0.0005026125495386584
ck_1cec1ed1512a2d3d,0.0006557187022876304
ck_7955a359b6448799,0.0028671679461544346
ck_8c0955dad13c3ca1,0.0024841223181049678
ck_6d4cd2de601a2308,0.015965185584818766
ck_f4536ba8dd2d551d,0.011806678834203013
ck_b379c198d6db2d62,0.005792190032031852
ck_76ea90ebc74bcdc7,0.01834180925074626
ck_734f06bd4aa92781,0.010355740231763114
ck_677e1d0c14cbf569,0.011679309354035206
ck_259271c70f3fbcbe,0.06385239409696775
ck_c0b744eb9e7d4eb7,0.009308548691320436
ck_3d41faeb96802f68,0.0014193939500306858
ck_8f604fa70fc3c8e3,0.0017662088001261234
ck_0b3c3bea0e0ed339,0.0048375429901313695
ck_be5df076b8a86409,0.0012239096506965487
ck_6a475fe324d7d790,0.026871428743715817
ck_3ba3fa5387bacee8,0.0004900656360255162
ck_324b9939d9c1c31e,0.012192790339167862
ck_a7fcf7b592f68ca1,0.01060368638012835
ck_5b2728f7cca414ae,0.0005542165239194971
ck_5f4a25ffd0b85a47,0.021216550449169265
ck_63d4f5076fe4406e,0.0010265821300085383
ck_af528d66c86f0cb8,0.03287354488717972
ck_ac7cdb9b8da7b5dd,0.0074178438152653495
ck_3bece63711407e25,0.02859958259934991
ck_d4e0b2a12fcfc35e,0.00262037431262909
ck_ee3e7c9d3a9c74b4,0.043870202294374216
ck_50d7c4dab837bf66,0.005707021786812764
ck_ebcb93a2990fc914,0.09932981786844135
ck_2329cc9702cdf7a0,0.026016113201840347
ck_db1fa53d588bf99e,0.005573118684204423
ck_44e57a0bad5a0745,0.005459096393646884
ck_472c81a144f4631b,0.0010524452566840208
ck_1658429acd5306ba,0.024936211671341826
ck_466103ec5bd9444b,0.019506785924951288
ck_9757163e25262b74,0.04671275892500578
ck_34ed59bc2c9b0186,0.0015142079629655114
ck_b7bd3a7f263f4f29,0.032663811270442045
ck_149662b09d632e41,0.003642738758854542
ck_a9ffd6b3957bd41e,0.0018599997742373819
ck_ab80466ef615e85c,0.0005517622999524849
ck_f2c824d3473db24c,0.010921553617406746
ck_a4a01fd45936b078,0.019116012538063543
ck_8f6ce158c2902877,0.0007408757394469698
ck_5189a302cfa7cefd,0.00031677294544210665
ck_430a3d03be588201,0.001553672172583506
ck_b5f9dd00914b4db4,0.003494865082878537
ck_52dec82e9cf6135a,0.0004849705591501969
ck_95e444a01e2ab4a5,0.015891626077219632
ck_e37cee7b123692af,0.02233889534479354
ck_d68d42858a55adff,0.004974264389542273
ck_3abfc010091d679d,0.008257885574796921
ck_cee4e4e1b62bf82f,0.03157435544496729
ck_9ccb17c35e636c5e,0.0016485850639869192
ck_f72a5a3b0d6c1177,0.00031148153262500883
ck_7508aa554fae6afb,0.18875255701580254
ck_003aa842b7ca1d77,0.5770674082200773
ck_83b2b192f41ee2bc,0.48898903553835166
ck_64796b6b2c3c7f06,0.010661417815258744
ck_6438ae81d43cb196,0.004360014049248742
ck_2bd73d9098504760,0.03950588719833508
ck_aa8b9b36a099e4c8,0.02420294795420938
ck_e5ece47d0dd10526,0.009419663987176956
ck_16077ac345472e6a,0.0036859166252020794
ck_a4d6e152b0076964,0.0029495343142222925
ck_d90b1d03ae151f62,0.004832561764604833
ck_18b36d342b530af4,0.00812909113668061
ck_2a01e610348b84f8,0.022442846807633365
ck_0a93ed76bf36c8b6,0.012255305771503978
ck_3d56b477fe2370b6,0.018815864602915185
ck_17ab3068fa303682,0.00038370772855600107
ck_592a3520d841d11b,0.03229733943064979
ck_84d07028b5fca2f6,0.006436120739609528
ck_f4a2bb10afa85743,0.012972181968189302
ck_4fe4b072f03f2c1e,0.0008748689092125876
ck_9ad08fcc183ea1e7,0.0006073881211854169
ck_130d3848b9dcdb05,0.007846698552806392
ck_bb399ed6bf28c230,0.034157584225887064
ck_a31a64a39a2c4941,0.0011456982897889627
ck_c49f25dfb39909cf,0.005801193649733652
ck_55f50a9ae2db8ff7,0.006880955439029359
ck_09faa4e771cf876b,0.002051377981788555
ck_df520a7a6e405889,0.033216960032427315
ck_8c8c98cc694ac900,0.04414797447064619
ck_7f0c4f609673ef62,0.01274312126964254
ck_f51fe59cd445d2cb,0.007161871775917977
ck_b3fb83f0d772a831,0.011343582576605515
ck_d6e7e257751c299b,0.0013486386783531945
ck_0d362ddb4a1cb6d4,0.0017271793440113731
ck_a574a08edaf81781,0.002273288872187312
ck_a823f5bcb0e4b9df,0.0009470683002952599
ck_f792586ad0381eac,0.042529424577753744
ck_54bfd70022c66983,0.0019282931543445612
ck_fe0a9372c9372de9,0.0012036225698302482
ck_5691cd6fdb6d8147,0.00974971676841062
ck_a95f212a02433d23,0.00943445414651806
ck_f5adad75e1c06731,0.10266716307720777
ck_e09c97520eb0533c,0.002470688534243019
ck_a1e13c0d58560340,0.0002482103860928844
ck_cacc2ca410cbe80b,0.006490981288082075
ck_c0dde2a6ef1e08c5,0.0007554773972074155
ck_a04403073c90ce38,0.000532766385290515
ck_03d3026107175dae,0.015860400277275886
ck_50176dae5b1b716d,0.0018840885409187444
ck_6c084bfcb38e96c3,0.017091267574347622
ck_36d2be9012f7909e,0.01636466903388424
ck_958acf84c6137a22,0.01697597576362839
ck_114722e12db90a73,0.01433195888857392
ck_203c2a22c0c165ac,0.011036031672585725
ck_2c44ca550e5cfa82,0.017623415747096742
ck_df0a8f20ab8f14f4,0.024050510295858515
ck_826a27ff7555192e,0.011509901602419718
ck_09a988ebcf062297,0.07383992672918037
ck_5c82444b3b9160ae,0.0062621539655292316
ck_f6a4a7ed27fe76fc,0.013507431954150554
ck_17de46314b5c6a92,0.005382175491074266
ck_335e63101b1e6c4c,0.3681276002637499
ck_c5eefc0697451de9,0.027908960205248627
ck_49a0efb5d4067b6f,0.055186862125460985
ck_c1f4509c8f5dac5c,0.0019168511229904544
ck_57658eda1c59bc52,0.0007630629830198635
ck_0d5c0736ec76385a,0.0003195092433373823
ck_e0239e6ae30795a7,0.03233245440662004
ck_e4459115cd8e5e4f,0.002293972676912826
ck_bb4aec09d4968dda,0.15296460646508542
ck_a1b4c96faed3e0db,0.010425884111797803
ck_8247b79ac67aae7d,0.00691261602585968
ck_fe2fc7d6e5d83f09,0.0024384178007126603
ck_f6aea576cde8d592,0.0006360541340824253
ck_b7e7f7d0cd886412,0.13132199018377957
ck_ca7b993e8286af7f,0.20006679138429984
ck_47de038381a9cd65,0.01505893449102004
ck_d38f941d09eec820,0.03925590103353352
ck_d9ba2a6c0d926b4d,0.0012127441012088525
ck_cda72f597330d0f3,0.0010368058266308129
ck_16d2d27fadeeacf7,0.0067174681614195556
ck_be05447853d423a9,0.0011077769751748577
ck_cd92852d7376a4a8,0.0018489259702776967
ck_2faf7ecccc9fec58,0.00037549886879055554
ck_db8733fd92f20cd7,0.003570761457565249
ck_a9989a3a94c26634,0.027388242212134376
ck_957fb25437c75e41,0.02108755972763929
ck_e6a6caf6e7de17c2,0.0018594528724691058
ck_f7bc569b37e8bdda,0.0067583972733021224
ck_703b375dd86a6124,0.016538521818794658
ck_d3cfb3603f2c6ca3,0.06780173473244722
ck_07cb2b6f2a4303e1,0.020108831270454312
ck_31631e2028d4f855,0.006435775108246724
ck_1631bab0ba1256db,0.013713822491264184
ck_5fdafeaec036f016,0.019662447525929938
ck_6eda4c36aecad602,0.001845939391623635
ck_bd1bf9e3e29de281,0.04906388173258959
ck_bf378ea558a4125f,0.736309150740724
ck_7aa2deeda0e57412,0.9939412081845457
ck_d229cf7f5a3f38ca,0.010172279661388717
ck_9e109edd124492a5,0.000598581965972043
ck_779491819995625d,0.8431985270954931
ck_b89c6fa2ad0a12f5,0.010667820430181538
ck_1d01b4a609918c4e,0.9481819305112931
ck_714c5d7cb17bc9f2,0.005451442549916556
ck_269f1746f2609ed4,0.0023330718815833215
ck_4be03a2aa62b93c7,0.00035271211131579093
ck_cf920313f6dd28fa,0.005192691801153736
ck_fb00aae4e17740c5,0.0015228018799756003
ck_085d8c42739e2b10,0.999011023089932
ck_c72a7d0d03cf3e17,0.2400257228442339
ck_8f6ca5d3b17eac6e,0.0005477744553952378
ck_d9573100bbff4014,0.39071806788348196
ck_79d6793d1d0cf43c,0.000514298544201226
ck_91fa5032f7aff0f1,0.2562734369268385
ck_87110d84872c0fed,0.02541660195102284
ck_8220da627e9992a5,0.0029906310155045383
ck_2ae44938847f3852,0.0032401866722500845
ck_b0f191e44f9b6f35,0.036910868255777454
ck_3049d744b527f4d0,0.007435916473880399
ck_47d3e8d1dd3fbcef,0.012344971275756053
ck_ddf787359d2b5deb,0.00017257290088888315
ck_b27a9e39726b26d9,0.000820779064912626
ck_80c4e9274cf976b6,0.9976053698601526
ck_c6afa913168ce8fa,0.0009364536340169558
ck_52427b3f8478db19,0.02563090099936793
ck_3b810f15ca0eaa55,0.001947778500870682
ck_0c9e420f97baaa06,0.8995757283733582
ck_f8540cf3a8b2f8c9,0.11838842756978712
ck_1402d24dd623df72,0.0018052975500722885
ck_eb4f4267e24d042c,0.0030371747918449196
ck_6f661b428d6fb8e4,0.05891015500099579
ck_519a26ecf3d29c90,0.0005943078205004035
ck_e886ba71d4a6fd73,0.01129217679676329
ck_437f9ecd2016a1a8,0.0010345178864772432
ck_f01af1b0c977cc06,0.004055269604332531
ck_614f777c2eb5d537,0.0008057385409888703
ck_b804e784cde9af8b,0.010519359046965236
ck_c2dccbc1b24b137b,0.3078208120809389
ck_1df4a1781a0f6999,0.01581568275102483
ck_bd2cdd53fca26171,0.02121504122558497
ck_424c254249a109f0,0.03864897475893046
ck_cf2ca4f286e289ba,0.10460739883235279
ck_6c33cb15b0d8af54,0.009291045760344832
ck_311d395fa9b8550a,0.009171721447850218
ck_9f792e7e721ff7f1,0.001212663384891469
ck_4c37586080edb7fd,0.0006093569930512887
ck_7c4f42c5397113b0,0.0030383977590938433
ck_fc418f53ce4aa579,0.9704701456222482
ck_1ba28fb7ef726ce2,0.008432117963291876
ck_d932f98bf6b83956,0.1006713339267882
ck_248b3659a9239240,0.011168300297019582
ck_6a92cf5f4cf5de38,0.014838327476614323
ck_65519d0fb137e0c5,0.0013426870102596234
ck_ddc3fc99eaba2064,0.034068416599599916
ck_7310cda3bc65a73f,0.0037029412050179323
ck_c01c85bd631d4054,0.0018933067070713116
ck_b4954d16b9749829,0.0023452022121233547
ck_f301f6758e170d66,0.02073277052961184
ck_9bf95f8c47e7c7b4,0.005734233051164212
ck_c91b7fccf6aeb4a5,0.06955043261016582
ck_785fa45e86bc5e95,0.005563716346407248
ck_2a65f1cc23f1180e,0.0013642098580165427
ck_a49a2c1f881a3560,0.0065445905640480985
ck_def344d68f06d749,0.018246326771930756
ck_abbd1465fc730d78,0.002625960075606515
ck_07a5610ed28162fb,0.0027329483240379204
ck_7ecdee2d7127be8b,0.013784396400099028
ck_67858bc00e81490d,0.00040799063588728543
ck_b4ad165ace910222,0.0019660151283723074
ck_30753ffe481a1b8c,0.5951757177299992
ck_c401a26725b17177,0.0006013083269132602
ck_819988d8a7f26415,0.0007133487216131613
ck_3364a1d9261b3638,0.001017522321509706
ck_c484c5bda389bf20,0.00044708463436634704
ck_ae416325fef92c9d,0.9748445665220917
ck_5517b9a865960542,0.0011414271754799645
ck_a0e96fed380440b2,0.0024521956954031018
ck_e83409471d2b0b44,0.007637350913218349
ck_127273af97d7827d,0.0014689503026304462
ck_aaa9861c91bd14dd,0.014715869999340582
ck_a378c58294001a36,0.9578754243493651
ck_abb9d65ff1f95b64,0.15908369118608592
ck_a5ecbefa849ae569,0.024732387462320763
ck_aa9953c0ca2bed7b,0.0002258882235798527
ck_40bc6de252865f32,0.0010071611242517546
ck_9fb11688dcfe1513,0.010842580714402264
ck_ba68841ca2ba073d,0.004372593689729597
ck_1d3e561a7d20be0a,0.9940146991262688
ck_99a92d710a29c1d0,0.0005860909998744409
ck_ede2e887697ffac0,0.0010987536073411022
ck_e6de67c0d82a7b83,0.024032511503281125
ck_6b38763bf5ddbcef,0.02274548209029459
ck_8dd44eead7d765a5,0.022358670043613707
ck_30bf5b0056eea9e9,0.46788896414990555
ck_2981d16f8a51a8ed,0.023366884497414094
ck_fc60f42c68c7024f,0.10224305470718083
ck_8e2b2251ee224aa4,0.017881490278997283
ck_1906f0dfaf6e9bad,0.7173765012152566
ck_dcbe6814fc4ca0b4,0.04434465675828559
ck_f7e958a286ae3b57,0.004585181830030316
ck_713649668a7ca824,0.005793067138349485
ck_6f73cdbf9305e2ea,0.013069516789183756
ck_dd1c490050cd9051,0.017114146028542197
ck_e30db36e376606f7,0.18459049062019567
ck_740d8fe8028b5a2e,0.004387571621503213
ck_ebbc9418cd41f692,0.00044238133388610674
ck_7b3cc6cc3f250f39,0.01600890150622834
ck_1d30eef7110809e5,0.517126895613546
ck_77e0589ab339ca66,0.0018242767195252093
ck_15ccbf8ff7d14086,0.008221934963024648
ck_246989b0c288664f,0.014205603899994625
ck_fc2a6e27b10b10e9,0.0010172869305983632
ck_8afc1112c12f5402,0.007407618830742591
ck_a76e8d83b9141364,0.010804082642474816
ck_51d3e8dd7465c015,0.0017990690895096774
ck_e7b4016909405981,0.0014673444022006963
ck_e7a3cfb9bf908e80,0.02246438928846101
ck_2bb49dc2388cdc1e,0.0018607447913627632
ck_94f4266ee7871345,0.010472144429686362
ck_b2c896beec146477,0.004823728470462944
ck_fcf5d4a4748cdd53,0.017380537983531334
ck_fd0483639811f62e,0.40444865889227793
ck_9a21d183524734aa,0.04268666972017456
ck_1df4b46c0a4c317d,0.02285813059672952
ck_638df9e8a22dfe0b,0.000925692599236648
ck_65acc43a6dc3e65d,0.0006572123767592058
ck_7c67b73196e3d0d9,0.004975320368939855
ck_b0ee3a98175b462d,0.0009789208119916522
ck_20fad010969f1abf,0.00047157555847195576
ck_54b087bd873af8b8,0.00459765969858202
ck_8007824431fa803b,0.001989651459681418
ck_23aab322810b9fec,0.01643006045215714
ck_c8001bdb9aafc8a6,0.007557114852239682
ck_3a34c3ac83cf84b3,0.0009095788972777714
ck_60187ac2c473a662,0.9881559598527563
ck_6a0ccd7357979f0f,0.08054297290315485
ck_27f20337bef5ffe0,0.016395798159806536
ck_f9fc468915afe49c,0.019342325348618128
ck_1eabc15a94bd9009,0.013283592704773299
ck_26896c494b2768ef,0.0030218611993021484
ck_348c874eaf0354f4,0.01812440973567698
ck_be9c46acd216b45d,0.03294712300074511
ck_a3cce46d15cc20a2,0.08490853538688746
ck_70804f60d9704128,0.10193640128198544
ck_a019151ca8e7527a,0.024372142518753227
ck_571133b2aa8ead51,0.0075431254560444985
ck_0afa4449f20d5196,0.002064435433707397
ck_4d503c41cf4e5034,0.012790110868361093
ck_d6fb9cc5171e3e9b,0.8563881663880937
ck_05ed92a7c3e10e5d,0.02182737427670457
ck_bfb067986660afe3,0.043731503431821014
ck_c1a31690c8573226,0.007685545341584756
ck_cb88ef3dc1f42225,0.003210295795106886
ck_21e3b3bd998745e5,0.03564282987270452
ck_cf52e46fa54e4540,0.00023667061516221064
ck_b72c7ac4208052ab,0.0214804118917619
ck_e6465c56b337e6c2,0.009164961399080131
ck_5f87eb05d18186c0,0.027511965343286232
ck_263f6c5ff26b5e98,0.001426048540292732
ck_e0b7e2c0bbe228d9,0.000959981020344856
ck_b657ae3c146cb7bd,0.0010313023981724891
ck_abac514d8167ea58,0.08220387185431238
ck_024dcab126876002,0.009661460881914974
ck_5d8481e2b38bd99d,0.02782769508585232
ck_edf229c17d25dac1,0.11831409703210921
ck_6cb7c97b72d6b5d3,0.004676364805946827
ck_c96ae2c28086a059,0.0889516037510269
ck_2f241b97c0f8389e,0.00655217101898704
ck_9158bdbb63ee8987,0.0022028101451055182
ck_e7b40b60786c1530,0.004122509399488472
ck_66d38518f68e6194,0.00043178541661890524
ck_8c9b57ad2a991416,0.0005803789123164315
ck_cc91bd7152d3e9ba,0.007200199406185923
ck_0d846660c7957a88,0.0017498093954041807
ck_60896cdac2212bea,0.04521313494673757
ck_dc4db8b932df49de,0.29762589137792617
ck_2dc31db181150e20,0.0029581009490483325
ck_2f138fce1171e277,0.0043418655734242025
ck_68b8b859a6ef505b,0.014159639151200047
ck_c3fe0c6c5e1f40f6,0.0012016778463125358
ck_15886fe84866de92,0.014300974730075905
ck_ea269b35406473e8,0.0006588181396682152
ck_3ce7cad1f69b71d6,0.007233301843956652
ck_054ed4288ee58d6e,0.018323278663893192
ck_3d4913a86f207fee,0.022423075928216074
ck_23ff85f9d2355e8d,0.0055294382803622345
ck_d87ab3261322216a,0.0003561020717763796
ck_fac046ce336fe39d,0.005407513576179831
ck_beb97e498e6cf8e8,0.051696364888044945
ck_1f517e0ebf397b51,0.0036900953822258135
ck_0af57ebaa45877a1,0.002419385552669109
ck_f99bc1732ce5e999,0.030738721973460968
ck_abb056a9deab275a,0.02314378898722596
ck_0bfc394c5faa65cb,0.013577632343396996
ck_ddc865af1dd5670e,0.01781463451065209
ck_68b5542459638b56,0.023750048567452067
ck_0b1d84252c0b46c2,0.005075261400406419
ck_520ec32c4f253604,0.014534917226087775
ck_79ffcfee599d77c7,0.0039006049287180653
ck_eb224c0fd146253f,0.06868030013033857
ck_0e477084434da450,0.0034044596672223966
ck_07840bba5570785b,0.005226286098866522
ck_6b67fe8e310ab865,0.015175808482091654
ck_e2a1068c2fa22525,0.00391091368361649
ck_b9c6b32f6bd92a3c,0.0018636495838631338
ck_c1e7d1021ae58f00,0.0004139627956195726
ck_5d7801201749ffde,0.005820646161967861
ck_c8806749e263f70b,0.00031760905235181283
ck_c9eeab826781dc91,0.014776932023752284
ck_309a432c160a17b3,0.007639317063388885
ck_b22e3337b8e3dbb2,0.005317091428288038
ck_79c30169c71b8033,0.9679942897240481
ck_5a6593d954085775,0.002705473684567125
ck_70b9b79ea1aacba8,0.08720075003818387
ck_63743141ffa11f45,0.0027974313476248954
ck_dfd3dbd0d97a642b,0.0023937039279786883
ck_635646a661f05b4a,0.0110286477061909
ck_4b123d6931b6d0d7,0.34300522793148663
ck_f2b0e7a47f442557,0.9673858292913736
ck_1b1df006b81d38ba,0.0016375431622504984
ck_360237c1bd30f4bd,0.0009205118916538535
ck_5e84bca0e362da20,0.01797981231920301
ck_142dba210ed2f3b5,0.02291456427115636
ck_a3564236069e3524,0.056726664463214393
ck_cf36d8b070ded782,0.00935335860228407
ck_ddd6625c5eddad70,0.0006191405548574459
ck_ad54292a0b2f44ef,0.03138272029138749
ck_45cd5ef6b359e9b4,0.002847260684703392
ck_982c2392238b7be3,0.5341427918004242
ck_083e4ac78685c3bb,0.009024543084684157
ck_729cc0b46cc2e546,0.46954108665429134
ck_f2b8995fe5402759,0.0011021028510254287
ck_73e24f5a8da289b3,0.04112802221864775
ck_bd85f30c36f5998d,0.036577138831093495
ck_ee4ff3aeadf912c1,0.001527217973373117
ck_63d2978706e193d2,0.01994458168455257
ck_6a0684436a1e66c3,0.4911080469210237
ck_182dc4a2f5a366da,0.0004884796580306935
ck_e6fecb82fc2a82de,0.003311192468182068
ck_cfb06f07394dfe64,0.00046051864532406755
ck_7bbe1dc8add17ef0,0.014488253437755913
ck_5cacad76e02c8e3d,0.9910348762065124
ck_ca68dec0c7df5a12,0.002454560044937031
ck_e4c0fc52c82065d3,0.004553880108526588
ck_f9197b070416f443,0.001963269841269248
ck_2a07c7021b71cf65,0.014571055304088292
ck_4fa85cebf707de2c,0.0005853533556436672
ck_0063d2a9507467e5,0.008057618765768774
ck_ec986285fff05b7d,0.0010981651024736063
ck_279d43303708109b,0.004079186089346968
ck_a406bf11e48cf8c5,0.07152614833668831
ck_064b2aa3f0bfdb6e,0.014613510101579345
ck_95790440bc4bd2d0,0.005485906646842611
ck_70066eea13b4c34f,0.003360906579778028
ck_19468fe07e26f992,0.9893323213716845
ck_86bfe328e0a533b9,0.9395080836611799
ck_ace3b96c977a7560,0.03441000801670223
ck_642344e5c652d8df,0.01506652073014716
ck_074be35c951ae10a,0.040525510724010366
ck_f14dce41036486a3,0.997498756288147
ck_5cf67a3a747e684d,0.05024251463781906
ck_f7285b92648c1c81,0.0007060397048864549
ck_bef3193f124fca5c,0.21091812153134162
ck_05c4dcbb45de1f8d,0.0009034840816806386
ck_d7c28eaa05bb7144,0.007016076239705689
ck_320df984791a1b99,0.0017152543952871795
ck_f45bad1606fa00a7,0.016307924512996032
ck_6f81c199e986d9fc,0.005489186971608806
ck_d0c9633fed57c344,0.019676707481905503
ck_a3c25d6cc7478068,0.010736343497872964
ck_4185506d12cf9fa0,0.0005633328440011206
ck_7a02ee1bfba7353b,0.0435928754409153
ck_1b52590757c0fbeb,0.010069584652136076
ck_a0e5656e1cf9cbf5,0.0011093213158760097
ck_ace21f6daef94f6e,0.0029934469086110747
ck_646d8d0834782d6a,0.65483181802225
ck_1f136a4476b5e775,0.0080061032119072
ck_325c7643cce02da3,0.0537275455222039
ck_9b5e7fe28208f5d1,0.0028337368609201883
ck_05d81b1a150f31c5,0.0016680070345927312
ck_0e9ec486bff403c5,0.013630974709771673
ck_ee13c091bc379188,0.018231914737661233
ck_f7a7f8f5903617c5,0.004957719866491522
ck_96c3a3517153390e,0.01024543249146994
ck_538dad7f096458ad,0.006646673053312652
ck_8758fc6622bbb7df,0.04405702663755019
ck_f7e53af3c91fec64,0.008952667109190186
ck_80b50fad7f255e1d,0.0004635940932359217
ck_9645e7adc08631b5,0.01888551798790263
ck_e007aedbf37d6ec7,0.01781942609102897
ck_2951d76c41de2569,0.052964286210384015
ck_9439bff87e616d4a,0.003018236258768278
ck_a73045e96af0e4fe,0.012064033845697757
ck_7b382e533e2e925a,0.02937197761603238
ck_730226c2d216cacc,0.0034028494879877027
ck_bdf837d761a7cec2,0.3440712645301076
ck_0b34197335ba3341,0.007748470068957917
ck_49170c4b31a20f5c,0.0003165144187267096
ck_cd553ba6589d8bfd,0.0182419911430722
ck_56b992c6f136fa5e,0.01431000743551248
ck_8beae3d7328fa41a,0.01021512181453393
ck_1a065ea906ae3d6a,0.0027193833698872967
ck_e9e3381d5e0e5051,0.000710707419408027
ck_a6d4f998dadc90c2,0.9106730124847182
ck_d36733da917115a6,0.04613974461991667
ck_e738e920bbd74a7d,0.014866906941351657
ck_af65eb885a51048d,0.0006828797609794232
ck_73f4eb09af29b1c0,0.07499786145399473
ck_8fc641b1750a2542,0.05135352653009152
ck_41b954c7a948c060,0.001461326548894215
ck_25fc3010e8a0f6d7,0.0010363614484753005
ck_a2624e0387974e0e,0.014136495500198085
ck_5cb9d7b2329d5ab6,0.05627453248472525
ck_6c83aa1d100a7cd8,0.04353063985499499
ck_67025c64588abd1e,0.000984174311794796
ck_f5dde68f6f0468e1,0.0011296724655674283
ck_46bfb2cfc29a6d2e,0.007925393816086335
ck_49dddb894d33f6db,0.05506533018797565
ck_f738b633b8862d18,0.0001863954280315425
ck_3d6c3c00d854f5a4,0.18345741059168297
ck_cdb8061d8d1a6c5f,0.0012704515175079446
ck_5e1b81848718bdc3,0.013945254414046718
ck_8def763034187436,0.006001997478481482
ck_8f8e4fb9c6190272,0.005419916810260555
ck_368b968b5f33431e,0.00043942419244147313
ck_ba7e347251ea399b,0.01214175475030503
ck_9075432001a64e75,0.016041784217410177
ck_73c5371635aca173,0.9218052437303383
ck_81793387b38047cc,0.0026921949963343746
ck_0cf220816e320ac5,0.0020874745656046896
ck_820219bb9c761b52,0.2261022723557072
ck_70a932ab39d86a24,0.0007172227880786288
ck_2c4be237a7ed79c7,0.00045215317218827704
ck_acc764b49ef02826,0.41657930734174237
ck_74c3c3452e4e7cce,0.0010549795863725895
ck_34dfb57e5bf31d2f,0.013453082445475825
ck_6ec39903f765956d,0.015178135316422075
ck_5986119e7d81e831,0.00857301387824369
ck_2ddfc948b8eac752,0.727734299446176
ck_921ff5ceaf40a968,0.028841842464262555
ck_fb3b68b4424b5f92,0.03154322248495274
ck_c3db1b3ad4f16679,0.002797734512156397
ck_124a197be41687f5,0.01816527922800827
ck_c58d9151834f5bad,0.006602780923417253
ck_389607982eb6b701,0.8577271065019441
ck_fb0c138c003e933a,0.000594815778555638
ck_50d0bb7edd8c69c0,0.02873652568365003
ck_c6cb651149dc9a8a,0.0005898960416711657
ck_81e21354e477eceb,0.02642656307749908
ck_7696e38b3e4197b0,0.006992404641560273
ck_586001d3ed9e7fbc,0.0007739783775268451
ck_bba413492dc46f2a,0.008481897829811378
ck_95b894380ad2702a,0.04837402744442157
ck_277621473369614f,0.9981753170015604
ck_a50621b5eeca84b4,0.0014819324644405841
ck_bfa7ba218b988cde,0.014151544047132564
ck_5ea89567dfe78e4b,0.04292454599795638
ck_6c679602a6476ab2,0.003506823362589221
ck_d3885e286b3b11d2,0.07771312583166626
ck_cdcf6671b37c9c92,0.011169185078367538
ck_b5c93e6d34f8d366,0.0009005627367557711
ck_c24f61925dc158d5,0.13180276217952785
ck_cd09375e6c81d2c4,0.008189603563211367
ck_a95afc7a00303a26,0.019563323467457545
ck_8e89ca8b39f3f8ad,0.005949808163661699
ck_9a84b396aada3fa8,0.16553619651621723
ck_5124a2e415384945,0.02888195868451711
ck_d66bb1f063357f99,0.001063660644559193
ck_0fd9312411b0ac55,0.015933803405057203
ck_ad8cbe6e27e47ede,0.017128036708251027
ck_8398adeaf41f9cae,0.0037999233983195555
ck_dcf851e7bb5855d0,0.001886319795073066
ck_9affb0f26776b642,0.002387503019667281
ck_f0424b3b36bdbef0,0.08106926875492707
ck_66746d1090d6d9e9,0.001025728016500051
ck_e5f8c8a5824db594,0.004133634152625872
ck_3e91dcc209431984,0.06950270971644137
ck_126a82e8d42e5ce6,0.0016694521488058679
ck_38e4a74ab256e2eb,0.010439657130627871
ck_1225a97fc413a419,0.029040201432707607
ck_9b5ec0f78e160e65,0.0011532494587792076
ck_7c5529bcc079600b,0.0160457309655782
ck_29640fc2fe81c251,0.5016710447747971
ck_160e9ba0a3f7c1fd,0.0005033838708976406
ck_bff090cb4ab76b9f,0.0013191792676090738
ck_aa06ed358e43db69,0.07488653564468005
ck_7264486eb512d84a,0.0017050962722186401
ck_f5a32e6160b28379,0.0014506245360058714
ck_4ba8bec14c2217e1,0.00410644290643235
ck_610815786d729d2f,0.004101268340246751
ck_e267999226b6321b,0.00034898242285949087
ck_f3996a3c8eea1ea0,0.004082827427480152
ck_e9b75ed7567a3f23,0.02225679174034524
ck_d21612d48bb4f7b8,0.01298678511242875
ck_1f871df76c6a995b,0.09666689167214926
ck_953bd5de48ccd70f,0.8470755838072661
ck_02a9104419a6dbaf,0.00861563632984171
ck_1eeeee651e05d535,0.18739943013459281
ck_e2ab04136a442a98,0.0038471813096117805
ck_f0d806624ef3d359,0.009996906458206155
ck_4b68b38c1b3326a3,0.001003511872937722
ck_74e60495f8861156,0.005419732269575951
ck_398f3f4cf05c721b,0.0003191546212717968
ck_f761b7650a0c1a85,0.0108549238276198
ck_7dadef33f5e2d94f,0.9938129244200259
ck_6ff6883633b8c7ba,0.0005974389461096395
ck_4d2159603045109e,0.0037321389124496517
ck_a38bd07a5fac5c9a,0.0003566696206455392
ck_f517f06551e69507,0.0026319682321721315
ck_a7ea00a1760ad561,0.9980101518395452
ck_31fc51d5a3dfe16a,0.009681005833267677
ck_bac5233623b25ca4,0.0051892739418904765
ck_385188ab27784fe3,0.05630907933190253
ck_9947a323bab5cacd,0.10826142569220426
ck_7973edc9f22ee7b6,0.008469455047942005
ck_f97c477986043755,0.001228444072612982
ck_1a3fd2cc4b4de196,0.0021167277072225432
ck_e18ac29ea62cb435,0.05521297291222571
ck_9720a472a3e0140c,0.0013158962584052664
ck_668c7fc7d7e47c0e,0.028568255795009444
ck_214af0806470ef48,0.008914689835378135
ck_a46c1773f01f0be7,0.20171963973028
ck_f2bdcfb4203ffdee,0.06599563221179922
ck_40e84e6ffe788a4c,0.023708209431766082
ck_dfc6f5712d8d6678,0.12508769615222404
ck_01ef1036b2e66a4b,0.0016864158584203573
ck_3acfec10eec32f9c,0.00957985891808073
ck_084a85145c15ed77,0.01638273545808644
ck_fcdb4fe2f095fba1,0.35181224669601857
ck_023908db0a193076,0.11479207698552496
ck_fec0ff92fd622253,0.0028612055786529766
ck_c009c97d5fafbced,0.30300908146593064
ck_eb9f0c06ee017ee5,0.015252092314466701
ck_d7792b429620fc24,0.0028855159488450624
ck_5e9e149a3b69c726,0.0047018627964073275
ck_ce927322ef8f651c,0.02396086346314835
ck_b8fd61a8e82bce32,0.9946241111757714
ck_9aafc33fba1474cb,0.0028287719331430298
ck_ce81ff9b8b35562f,0.010755222159954263
ck_25bfca1d8eaa152d,0.01762060012715283
ck_170c65860e2a7e23,0.0017457420045895772
ck_952da7ca9f33decb,0.014453703507329236
ck_1ebd574406235957,0.005448529650447373
ck_589109a188adc2c1,0.0008354795450668552
ck_f0cbd5383bb07778,0.05600778956598402
ck_242521e261148fba,0.004247592590545063
ck_509cece86a558de4,0.0010387688521984067
ck_0dd7c5925d28755c,0.0025044073589082253
ck_a7e669cf1c3985aa,0.00591412730300383
ck_acb84dc2351eeb76,0.0013835286836353124
ck_b837c7dac2a9b931,0.024176712561699662
ck_18eb1f9181f95df4,0.002081024375679006
ck_b0b9047dddb1ec84,0.7769320818866428
ck_43aa136bdb0a2832,0.43504465674514514
ck_3e47f8c56c811700,0.0038685291659138615
ck_77c587d24695ea15,0.016289809656280588
ck_20578ac693ea4e93,0.03874558691411929
ck_b9f6040eebd1605f,0.03288894326384338
ck_ca9d86f65cfdf018,0.001379783610387033
ck_a4fa8833995c716a,0.001815023353526209
ck_f589f1e29301b5fd,0.003173908947793125
ck_961ddb8ff55d868e,0.0029235076323799545
ck_5662492a54e6688b,0.01951017554130763
ck_ad48826c1c26eb78,0.8435982111991631
ck_621c9ddde6bf2eca,0.007446520229115251
ck_417a3500b2c717b3,0.009622749748651262
ck_c7e129058beb3ac1,0.03427125165983669
ck_ec1c902b9b9b9c5f,0.36992156021788547
ck_317360ec0a67d27e,0.13471043716703224
ck_3e3ea5d8c4a229dc,0.018944175306200465
ck_d11d27de7bf0b973,0.4156101921578993
ck_d37d56e931105db0,0.0026268856906049177
ck_4863077723cd6ce1,0.0005101425434528017
ck_479a065d5903e9c3,0.0016188693116187414
ck_e66ae4fd586fedea,0.002154567602010784
ck_192bbfd0d5720134,0.001095899706113329
ck_3b436cb29af99f3d,0.005677840611514861
ck_7c7ca54969eed187,0.03176062073263432
ck_826ee896c9f1144d,0.36148072757086436
ck_ba1f6dd43fc8a0b1,0.0020605881496691437
ck_49685deb63e4e8f8,0.0071876882396713394
ck_687ab5d5554bfa79,0.006815613955164447
ck_41346ccd9242cc8f,0.0007708575628616464
ck_8f8e5e2b9dfec3d1,0.03345738507395683
ck_94d5ce61a0c50465,0.003688919535769976
ck_6b954c75aad8c012,0.054791785859858014
ck_748af92828c9d288,0.004827220483652565
ck_dddd14091ce812c2,0.003086447196095935
ck_723323f6870fab59,0.011640647384012884
ck_dbdf8d0708cc6718,0.004141811207353158
ck_f04938570a154de3,0.003609906243090803
ck_58afa1550b3b5294,0.007487469715439311
ck_3b150afde386ecff,0.025856408733110604
ck_666b95e75d99ec4e,0.9322327767018186
ck_e00332597cf1eb24,0.025540502923072
ck_9a9e3dac79280d7f,0.038118221579191064
ck_e8d37262e859d9a1,0.02210798647651977
ck_895bb39d24bc1c4c,0.0022002209339966527
ck_b367449195e36499,0.011157837364423145
ck_d23f9a50d1135ce1,0.06695542311734749
ck_670dc4910cf476c2,0.000623774866648257
ck_3ecd8a5ce65e21ca,0.0029221828781788935
ck_8584fea2df4c6317,0.065965120251026
ck_0789ff4562202b20,0.028291575692062025
ck_749e0e50c3907be8,0.0032782526460130514
ck_c3ff6790cc6d7e34,0.004162459994120178
ck_75fb7e56432ee4b2,0.0032288193173165367
ck_529fc3170fd11abd,0.027514341375841415
ck_34a69b3b4a681796,0.4432572845285768
ck_255f0e5888ae9e23,0.07924052436662699
ck_65be698386474170,0.0007682950457337567
ck_5eec9ed855c26000,0.007152940337583383
ck_5ab39bdc9610f6f3,0.8104094576623445
ck_1b5b75762f033462,0.014549734238979714
ck_d3e208671cf37f91,0.8655369254599595
ck_5068ee554ceff971,0.017617175253851685
ck_d7d50fb57fcb2d0e,0.0009040180299261691
ck_ba6e1115fceaa067,0.029611760083088343
ck_d07bfb16a4a7dac0,0.961745751121459
ck_ead68310311690c8,0.8858177618809049
ck_ee53ce862bc9c111,0.017318836213385293
ck_97e56e6037024dff,0.0002584817131678863
ck_80b04344c98ec072,0.01626820449443
ck_5954f45a2ab45f43,0.003970955518282533
ck_18ddf7e836256e3b,0.016403252811367383
ck_89a1a780144d808b,0.017470570338797998
ck_a7331e8b808c39aa,0.05335749399766325
ck_a1fd0ad03ff9b776,0.04179333208228456
ck_c0cf50eef030b401,0.0004837501179047932
ck_074f20921189e7d6,0.004209863863105003
ck_e2aa7be60794593d,0.11641573958193566
ck_72771757dfb7f7a8,0.0035644664553674565
ck_a9cd84a6dddfe584,0.07902469742516416
ck_142c00f9f8557504,0.054206423192485045
ck_221b5d40358230f4,0.04475832241565174
ck_a2d7a563f520b7ea,0.0017459876083939741
ck_66cd34bc568d95e0,0.00910774014954362
ck_a17128972d3e507d,0.014644664234097627
ck_bda299466bb2136e,0.018213638997872185
ck_2b699066665abe8a,0.009727416743265676
ck_0ac9848bd4ba0c14,0.0038270491130972264
ck_98d2f9a6ba3a3077,0.6338679594198611
ck_a872df31b28a5f7f,0.20696550112847303
ck_7e73e1d44ce82ed9,0.013223098673824436
ck_1a415416f620d49d,0.004716135252902487
ck_c95c786d2f8b8edc,0.0026175591785082067
ck_e45012f22b7f91d5,0.002621815735883465
ck_aa0b083e2a6813eb,0.013849912834510956
ck_4666232ddbf77756,0.0009527244150949715
ck_e08e9c8ec5f23d8b,0.005360605253096768
ck_31d4c0518e5f52c6,0.0031164650732023384
ck_c1ab40638f04cb02,0.009778915534238122
ck_4c1fdd1669c7cf51,0.00039209091204217686
ck_11662cc7940ffc82,0.039335296475917
ck_2e679af24adedac8,0.0018448648021122459
ck_454b9e21b7f25a4c,0.00074451309223358
ck_355c4f29089731e8,0.917959255389071
ck_507e40760a24d2d5,0.010405743187342477
ck_0943e0f305078e34,0.9649234205014744
ck_abc54ed7111e9ed1,0.0015741301706334568
ck_a60fe02fc04407a9,0.02071121482212528
ck_244b897bb4d57c1f,0.006712954007838044
ck_8c84fcde93a04334,0.13665125618673105
ck_9eea37d2de633b27,0.0014910972463038838
ck_b2cb9e6610eca967,0.005573189903571526
ck_09aadb4c41b166f1,0.12134673061809617
ck_8d94fbb4828ef326,0.0011811706512931813
ck_089e3a07abbe3b8f,0.0027043116243148264
ck_dfee9de05e3971cf,0.0069811849215099565
ck_6abf8302ce052451,0.14526426240206602
ck_6ffa90143838a4a2,0.0009089326292986144
ck_325caeab5c7a9c3a,0.0045850817205104815
ck_1964ee9db929a173,0.927409339750842
ck_942b95988a6245a6,0.04590562805704883
ck_913ecdeeb8e21a9c,0.016399691324252792
ck_ecf9794349eb4b3b,0.08854898968595956
ck_b6cb8d6ae828eed1,0.14411518725715788
ck_2f82ea66c4f53b33,0.18266001811206456
ck_6e676daa4855b58f,0.051654967152839196
ck_2a37fef48b44e9c8,0.05069757687974806
ck_3bd12d468fdc2450,0.001891248943591974
ck_1a28b6a40a6bd3b4,0.06092160842411733
ck_61b79dec96d15713,0.001736322248726547
ck_31d5e3daced93d3c,0.0018077967329180556
ck_e6c8611c0cf233d7,0.00045626316763745334
ck_f04761b4a937ac3b,0.005729197808746695
ck_38c1c75cf055031b,0.07631331842922809
ck_59a561f3df01441a,0.022595740655323777
ck_04e40f556a5062ef,0.002334247515573263
ck_8409716d174635b6,0.02188124281420538
ck_3019afee83342701,0.02158986782566791
ck_b51a58e7f032c9a8,0.04303475454149163
ck_5043e474f848346d,0.033678426578200756
ck_4388abce33ecd01b,0.48075515274954733
ck_c93def7392f0aff5,0.0689123313170158
ck_72e7b1acc19df820,0.004506307791985673
ck_f253130dc3ca5b3c,0.0037997606477121427
ck_eb264d1b180d4b4c,0.10982348282710319
ck_c2504f5a113433ee,0.0018132512433850483
ck_c16ab1e4dafb4910,0.2596590426466809
ck_4bc42878fa180991,0.01795665615405505
ck_1c771a7c78f6622c,0.05422056812607095
ck_d523f0e50a2747ad,0.003158051858884945
ck_9060f4e7ab7a1b0c,0.025322227163963682
ck_6b55ec4e87a5e22c,0.06285474057936939
ck_55fc62a5f89a7251,0.01370811907330743
ck_bd2545c62f258231,0.04339980579415806
ck_1ccdc69d0bb712b4,0.010730479796226567
ck_710f867a3bd5898c,0.001163415564060071
ck_f91d48c40337d375,0.004225326500502983
ck_f76d929541ed41dd,0.27538123322781827
ck_e26a6659c237b650,0.03769393465105049
ck_184983177b73dea5,0.005722101552238664
ck_6d0d081bfa8a0022,0.0473158474036105
ck_2f6e64f638da0f97,0.0004948543781604928
ck_15b93103ccd38609,0.015641263906062703
ck_094d10439b7b4eac,0.0016462995404899316
ck_d2ca47180a926ba2,0.018358899971198772
ck_a69ca7b9d70972bb,0.0008221398186724582
ck_68914e67343a7d32,0.011127319941345845
ck_8176616132458c0f,0.005366775204684223
ck_eee99af3598311b8,0.07491757873339172
ck_94410eedfca91304,0.03438391619256435
ck_cfb11a0a2325bff5,0.002308541955112175
ck_75217ee144b715f8,0.06318003414760975
ck_d56fc799542299b8,0.0038958491092776666
ck_4c352dd3e7c81269,0.007459528524629881
ck_e23e50e02cb3904d,0.028818788920333696
ck_b921af37d500e139,0.003181581832373159
ck_82181b935360dcbc,0.9725535957366898
ck_22a7cf3b99c5e5fd,0.0076421015354357184
ck_f67ee7910d532216,0.014453649778861167
ck_5f48762a14a0326f,0.0007999560100202161
ck_1757fcb0e6e3f88e,0.18089082480544572
ck_2c2f080ba185016e,0.0523990272340299
ck_4c25570eb72711b8,0.001051850709275445
ck_a3be871ca22ac416,0.004611888369800295
ck_ab70961e7c6695b2,0.005647157707387981
ck_a1cdebfc42a52448,0.000326934683315942
ck_f1b80b821a20186d,0.07228052255372114
ck_ae668e4564cd2aa1,0.0039298203789034925
ck_0e2bc3a5afa439d8,0.09787825761706781
ck_3dc378f37d0b74b8,0.029582778119865198
ck_9f9555197480d1cd,0.0011070811357966506
ck_bf4e7d48770a4a8b,0.09368875586146039
ck_614ef655f0685060,0.05251488885638427
ck_04d2ea38ee27770f,0.0004103010234736699
ck_e03a9d8ac94161d5,0.0018978536718414316
ck_d4007b5b26d9d854,0.00036642676479819677
ck_2dd147ce6d61749f,0.00997764038131273
ck_ff45764ea7d6619f,0.013543942964380842
ck_dbc487cb0a6c18da,0.9830253226472312
ck_791d5392bbd80447,0.010278180270070863
ck_b4068439c413b150,0.009578275858457122
ck_85df7b7de9700aba,0.0014462492720242585
ck_001e42551cd06e40,0.002069599007125075
ck_a6c02ae50932cd9d,0.004593831435572612
ck_9fd0be2c018ff5e4,0.0011470211643957126
ck_32a495128395fde5,0.0012225062811809532
ck_b6f2a2fd232c141b,0.007517315886518416
ck_28dde633692904b0,0.07446924876142122
ck_a1a93c5f375f6021,0.0006859881092590352
ck_e3982142336782df,0.020302700608003266
ck_a9812ff3c111ea94,0.01502198204989236
ck_f04062216f95fa00,0.005546190158732806
ck_7c560467daca735f,0.00022677706033335436
ck_76ee10d6e2dba70f,0.08429129484061862
ck_3521243bdac61178,0.005158072189799596
ck_28588fb03b320520,0.0765869355876488
ck_580dcec33ec232b8,0.005196662701788132
ck_7109923fd7dab20a,0.01159476972490443
ck_7c872c99481c1e9e,0.00860917865140028
ck_46f4e1f5026f4d1b,0.00022221470865232292
ck_00d1ebc31ec4653c,0.021061840113503406
ck_aac70764dde15168,0.013412127641611558
ck_648c03f9aa4e45f1,0.011983231570282929
ck_5478eb69ef912785,0.29887025238614695
ck_79b8523137bb2603,0.03928642636066685
ck_795c49f312640019,0.0003873222865035191
ck_89184bf7b7fe41cd,0.3760209845596708
ck_97d4bd922996fa10,0.0026910516439527764
ck_1cef30d08f3a598d,0.0003406600995490782
ck_2f9fd36a4a40a6a8,0.00116250512862228
ck_40780fc0f8d6f309,0.02927782640245067
ck_9083ca9fec2a7f4c,0.007050928208544928
ck_62081bc35aa59931,0.0019722390755615767
ck_2e1b46c5fc56b863,0.04890839556471728
ck_3d139692c51b604a,0.03696911556644274
ck_b5e54e22e3d6960a,0.0016451002718086073
ck_c0c4be3f44311b04,0.003220131835175103
ck_82a8bdd2692c2a5e,0.0005492119445497934
ck_bdd2da300b530c5a,0.005840530412911547
ck_ee40498cd97183d3,0.006432183186687687
ck_70b9274473bd6dfe,0.0061698086273482555
ck_473d6314ea614b29,0.006236688647470603
ck_7443d6dca8cd1352,0.005367769255702799
ck_3b49768b448b071e,0.023885231339574584
ck_b43f04431c267dea,0.0005798124859309193
ck_4424a5223ba2fe00,0.015205728877154698
ck_819bf3e8231f4081,0.01706751698719165
ck_91d417507a8c58cb,0.15340016692042985
ck_e88e86b19cada4aa,0.013376896643953633
ck_59684167f9c6bf4c,0.23551518190303042
ck_d5f5b0dc97b9dc27,0.0013462272153407881
ck_13d1b192bbff8f32,0.004459298228616305
ck_b21d8630387cabce,0.0026635472058820974
ck_e4ac22046699b99f,0.0031070963517471186
ck_74b848064f2ff45d,0.006247107604122235
ck_166aa980cc87fa77,0.0276017481875524
ck_98e337806104dd88,0.0017575029250642014
ck_66eb09be007f0755,0.005853986506296039
ck_3ec9b9d8dd7be11c,0.05235486235018242
ck_8b8b9de339d75d0b,0.010019310331068319
ck_6715139e240007d9,0.0014454795483272364
ck_a0255ab46e122d2f,0.0008151522116737944
ck_66e81a4190c33510,0.012921979323388396
ck_5d75ea4f5c9080bc,0.44888088997132103
ck_df69858b8a8b3165,0.003732116175193652
ck_e15252ebd7553422,0.0006970663701241521
ck_34d6d74bb3ed11e5,0.0006773558213176477
ck_c2608f78f6851d10,0.4556172021718012
ck_bb99071e8f58c8a4,0.9032154379634121
ck_06010f0df5b7cef8,0.011165882638857438
ck_8c582eb0f6c0148c,0.004758992873611768
ck_0034d010d28aea78,0.004621692175982865
ck_01c1f06692566ca1,0.0026104309279558714
ck_4807726e797fb893,0.043790968027104235
ck_edc9668282e3c8cb,0.010615980739737699
ck_5486768475af7bb5,0.8967924122547073
ck_3fb9813849e51837,0.003851951463131751
ck_861af5a9a9a6d619,0.0013567150601264265
ck_da39653add0f1109,0.00041403729366836623
ck_74a4244eb1f162e4,0.0005569247660372003
ck_9a930faade55b8ea,0.00047399033212208784
ck_fb6e06ca88519dcd,0.005331447033081213
ck_9776cd8263a9f415,0.0013150155602970775
ck_b3dd1198ac5aea73,0.006087804165801979
ck_b6675a04df1a4276,0.0024218288204457834
ck_5c7ad6e731b69333,0.4347186482365845
ck_28dc0fdbaec00580,0.24617225735672324
ck_8e7a32f7e3905f4e,0.02544838258295806
ck_8563fed6674afc77,0.007548019315483665
ck_9a2fcccb82da663e,0.012554933029788875
ck_6a519bdac0d94527,0.0018006435414284244
ck_a0dab7aa9c4a39a9,0.0011063245983169117
ck_a3ce05e9e5e32142,0.005672555180408357
ck_7a7e40ee3f97c035,0.08405770512472266
ck_9e9a830785112a73,0.01855193455609696
ck_ab1bb02f6b189304,0.17253347608671998
ck_7b8cb0f90fbdc8c6,0.0029410711194900758
ck_b138fc249e659e60,0.02204676836313294
ck_e73caa3771ec5e0f,0.0007254588837337513
ck_18a55b06ccccd88b,0.01608336567074805
ck_fdcb1d9265d8fec1,0.11143362206195445
ck_e21a900556b382ad,0.024187070968222178
ck_c6bf67470f526771,0.00855429011392321
ck_b568ba3837afb39a,0.00016652516459239844
ck_a2858979dd5645ef,0.0028085962666837324
ck_1da9d40837ebaa57,0.007401018326426803
ck_9341c7959543c542,0.001016040832363241
ck_c8ad86806b9a2369,0.03032603332634834
ck_5c85d93ecfed4b0e,0.006293079209917545
ck_f07b09879d697b82,0.002378671880839198
ck_fe43da07608b1749,0.009433362903357452
ck_4bca22b5926b9c28,0.001405173541665423
ck_aba573aa942b1d41,0.0023612567176757716
ck_57c14e32fa4683bf,0.0007788682277931007
ck_891530b489ce402b,0.0024826010528676483
ck_5e74fdadb93ff293,0.01706300338448977
ck_14436a409ebcc90f,0.005151842105761325
ck_00013fdfa0bd37dd,0.004265698807926906
ck_7dbe24ba01316775,0.06948248918239441
ck_0e3f80c1553c591b,0.017762235631219172
ck_3edc45db58760d76,0.003156277824171547
ck_29076a13f539187a,0.7240108269727504
ck_b1e81b58b9a545ce,0.028645097006817603
ck_3f8571d4f7420b2a,0.013702344841694546
ck_7dff6abe4bd644dd,0.5445554474283417
ck_2884bab237af16b7,0.0038589789157379047
ck_231e6dd1fe708000,0.008294161787785321
ck_33ecaa7b892e73df,0.011380939564527985
ck_b109ec4c63503030,0.0028029813211963538
ck_a7f522382509cef1,0.002829487529717487
ck_748b3ea941d8b3b9,0.003303663286492296
ck_29f3a1737a2d9634,0.0035998182994057978
ck_cee8d42475a0f020,0.005439460749387549
ck_c6b6ebe145a8ffab,0.0028651914295240964
ck_21c99e1d6b881894,0.00034658122511569556
ck_5ad798286384484e,0.005163822350380493
ck_b621b6ffcc7f4848,0.0005239083381066711
ck_ea819e337233475c,0.07726531352077641
ck_9e3896c2668ce06b,0.018833698231539738
ck_501dcf1ead036d2b,0.015181898937377144
ck_8d5eda29a2cffa3c,0.002430982496671757
ck_4d3aa36ff83f1132,0.5984399141122427
ck_8e9faf94e3e6c757,0.0009798118848976137
ck_ce0ec41f96951048,0.01618431462465556
ck_f09165d73ee903b1,0.0052559322747185834
ck_a432b1bf1d3b3d5e,0.412556877839146
ck_ea618f720ff0b4b0,0.004030703060308892
ck_7584e7bd755cb28a,0.009141823676185351
ck_e14681aad43e1a72,0.0452582942146364
ck_5e18870d8e30e379,0.019842185428789055
ck_ff7c26a62bda8089,0.0011733387081560539
ck_cc5a35175d381d5a,0.002326760583127429
ck_3c25029e40aa8a84,0.01126568886671589
ck_771247b5bc16c12a,0.002233007245948572
ck_664b5e02759f985a,0.001230157654721988
ck_692a9e8f504b9762,0.00014932994529880052
ck_df8ad2deb0a4ffed,0.06185296878185034
ck_eb48c0bcd12ea654,0.04309952561191307
ck_7c77e597c951cdad,0.009974674890465702
ck_4f75144c6f3b13ad,0.006254013101197045
ck_1bcff399166d7c43,0.0027230364535570863
ck_975c2aa3d4a8c51a,0.010759927272654672
ck_bc6f07b06aaa4ce3,0.5161380640111437
ck_80b072b7f3c7e8e5,0.0016617228360090934
ck_471e4018a23b4e56,0.0019139800558838304
ck_53cddfba570b4a3b,0.027876785303291338
ck_630530e50764f229,0.010394312179089826
ck_dcef7887a4f1e435,0.11772291429292374
ck_2795921a055643f6,0.0040176930543129935
ck_7456df89f3792235,0.0008254079484115245
ck_5014a3b07e1f049f,0.7130077293981572
ck_d4ec44760cbe03f4,0.010143559397146838
ck_96810ad39d4cb7b0,0.007709775142760202
ck_3222ea25aa29bfa6,0.00017268703895994018
ck_f6c42001b84a10cb,0.03761667533437747
ck_5ac86682385c86b8,0.006171117975500868
ck_4280c33af57eb4f4,0.00031945704347939347
ck_05f79ddd8eefaa56,0.03610628313784117
ck_3a57a13ce032a6fe,0.00645709823365195
ck_a721f0d635fad68a,0.005717965441577212
ck_a3f821bdf408c326,0.0012538911500528656
ck_0ada63008be5685a,0.017821000564431484
ck_8c949bdc6e8720fa,0.0997712504466051
ck_c0d2c56f9c722e99,0.9844594658530323
ck_5d2b9e6e087b8dfc,0.9978631211612099
ck_5217b55593a332ca,0.08114449980278145
ck_7a7bb9be5a7e48ad,0.03214985293600958
ck_24cd0d779e866287,0.002460581318426585
ck_7367917891a63771,0.01432140701495668
ck_4b31a8862a857e6e,0.9485187227005247
ck_81429c4910ca46cd,0.0031045938090128638
ck_b35d803568f82d9a,0.0051144483724869395
ck_4b00e75c2d2d0522,0.0006799762040374565
ck_77fced07f6dff42b,0.02433150237973109
ck_3c9a06eb07c300e4,0.0009474063298293004
ck_b3867f7f494db64c,0.0005680459750779855
ck_0c45e54897ab34e2,0.009544264656216737
ck_507a6a580ab55c76,0.008034140055252591
ck_291bffc7809f896a,0.0007760096590201095
ck_3753cc5b9d02e2fd,0.002216106667809743
ck_4f63d5245b3ac1dd,0.012389149198998734
ck_9dfb2ae78659240a,0.018164720406510088
ck_90f6f5ced708aa75,0.00037331514503513867
ck_8b5b5a6b5539e39b,0.8655897752201984
ck_4719112b55d20161,0.01973067615105455
ck_fec888a7108ca52d,0.9933092647162041
ck_4f5d022c99f118b7,0.040753226237119966
ck_e967ff05514b697b,0.015435857078700658
ck_839ce35819bfa4fc,0.0012103159489239646
ck_bdee1221b9addff8,0.01676034772333145
ck_9cde4036d0914427,0.01636800036803661
ck_5ac959cbcc5e98f3,0.0008574145663891506
ck_619842688294dabc,0.009845244229191972
ck_7373d7b04c7799bd,0.007267304002529906
ck_c1dd3feb9a0b6471,0.016495005763418277
ck_0324a4812ec319c6,0.004497151578033858
ck_7f3685aa2933b251,0.09909466303299919
ck_06aee5a62a67a84c,0.0686274004672606
ck_3428910b44b9d08f,0.11063300453857586
ck_c3ba7534cefc1de8,0.0017519734899185968
ck_1f1273a67cbad5e5,0.7659224118079361
ck_124565a11b2f8bb8,0.0018783498714472326
ck_38e46bc861e0165b,0.07111314615742588
ck_c8ad3f01319c065e,0.11534927560389611
ck_3f94a34f5038f7c1,0.9531946191744073
ck_cee56be5a502fbd1,0.10442163929734347
ck_2b90b76cf4d162f9,0.014461892468779245
ck_884b2e463ff1d54f,0.0016707744029437542
ck_fab4f2f8531b4827,0.009880269066965727
ck_4fc6256e0e60a926,0.01510775843220848
ck_0a2f8b2f8a5b6f02,0.0010099959175186427
ck_9c0deab8a8367c5e,0.0003048046981654319
ck_d3a2a4c011fa2554,0.0005893226725375816
ck_4108b4038f762817,0.7927513976878413
ck_4df036e2aa7e1056,0.005500085423148922
ck_ec094eb1cbb3efc5,0.0009497772820207139
ck_09f8f51bfd2492c6,0.010672532037121502
ck_b60fb9a10d6f4489,0.02469569920912548
ck_3638bc3388dbc1bc,0.17826261651392644
ck_7a58e0cc9943c39a,0.0022679989076671674
ck_37dab6a0a536ed49,0.19654466382222846
ck_adc576690df5b33b,0.024941779245351722
ck_1383b2b1875000f2,0.021677600945781764
ck_43c1248db37a2eb0,0.0012562494849898925
ck_29c11bd68858e923,0.0007378361222658367
ck_9401f9e11f65337d,0.011539222592638277
ck_ce5ed372b1a2ed6b,0.043204580513519976
ck_08b4619490e751a8,0.9075189140105702
ck_44b9125526acb05d,0.011128480643607316
ck_ef1a1de20d2124cb,0.014543494589932208
ck_e5e2624b7fc89774,0.01258937696390021
ck_f5100511609b92c0,0.00042296427821305775
ck_64f3bb17101b7c42,0.007887736698213275
ck_ea1e5b5128ecba2c,0.001087576213156715
ck_516163fcf04d5e77,0.018515551762470814
ck_7f9a748110d70005,0.01281358187208936
ck_d263b55f0a681cce,0.020956207837196587
ck_0e962eacf98a813e,0.0016672788133847234
ck_0406931800e0e2e6,0.04962581070691549
ck_0e9b982afc88a3a9,0.994049306812193
ck_8bbb625384edebd7,0.00041446490785995976
ck_5eaeb87bf6207406,0.9772552151796725
ck_cc3318839c4b0745,0.004437476373162486
ck_08a0355d1f1890ef,0.011683115641383874
ck_af7ffd1a822460d3,0.11973198671725833
ck_2a09c7aa870edb6b,0.0007582513084198085
ck_bc04f51c23290bcc,0.0034259618991408624
ck_d3a8333cb389f4c6,0.004348767366011081
ck_88e3dd3039508332,0.011390510434393751
ck_b8c7771de9b57705,0.0017640285506465374
ck_585ababa02383b50,0.0039560430171822715
ck_e988c108754cee9c,0.013640633673661407
ck_4a691892d9d6cf89,0.009041710117464581
ck_7cdce37d895eefb8,0.012683584697908229
ck_483fb981a1fb4317,0.0008519846227887725
ck_c1e5182bd99e0e35,0.14726886444042037
ck_9a1e3ec9a1839939,0.0012719898869694058
ck_5c3f13de0dbd5086,0.00798126492653795
ck_f4f6f0caaab70040,0.0008781643419414617
ck_791be3378dd7d64c,0.009379771891984068
ck_956dd784525f5886,0.002783950886035172
ck_098167eaf124c279,0.005182554509967546
ck_33ecff7914349ebc,0.033199970276022235
ck_e05d44e46c7174e6,0.005675493981809015
ck_1b2ce474fa6582b4,0.08898782902664538
ck_ab581082e8f72e3d,0.005513502949791766
ck_e63256667aa19070,0.020050189536909263
ck_f568772b6cb3febe,0.014392933518861527
ck_dd89a282375bbab6,0.11822523941140042
ck_a39d0bca345b492d,0.007282436149385112
ck_d12d2924d0f7a64a,0.012263884303895984
ck_6a548da1728b5823,0.9980696571113536
ck_6d64193681d2a94f,0.04244010373614195
ck_ced6b6dcdc7c201a,0.004682764241327175
ck_d1b0699d26282871,0.05423896998300873
ck_58f757e40a9b8877,0.0073123961073113496
ck_3272c2c4a37d5220,0.7939569904912885
ck_d94dfde9e03c9d1a,0.010672952040615993
ck_08a6d4903a7fbaca,0.014012156192988703
ck_6c72a36b05fa0f4c,0.005546278192989458
ck_dbb4bd4eda97255d,0.0029231100041632423
ck_94b59bbc824b307a,0.0012620823718252816
ck_0229a07185f15469,0.007912262389345422
ck_11bf1039f8b3025b,0.004226968890185852
ck_36789ca11459131e,0.037587361504976616
ck_8572c5f5c1447c62,0.012343816271900104
ck_9e75c6641939f4fc,0.01926842373874895
ck_b45e47c39d4dc7bf,0.016680426363419404
ck_02903c48b6cfd65d,0.002447203706399088
ck_b153386f1729de81,0.0023581870091744297
ck_36979996f33498f7,0.38992499258365165
ck_3c02d4dbbf6716b6,0.020022647931079045
ck_66c9a19963957531,0.055079427580554174
ck_bae8dae7cfd8baba,0.0009525145257124726
ck_bba0ccc6cd968680,0.02997631863532122
ck_3267fe3aac05c71e,0.0007842603424469262
ck_40052cac10562cde,0.019860527744651687
ck_d973444855403e2a,0.0013448407742087355
ck_012519bb095ad36b,0.9977482747297839
ck_ad7c256ea10c4a00,0.1401114649575757
ck_70a60e095e9b706f,0.004439893421500525
ck_f2734417c0db4ee3,0.005466890823973991
ck_9cb89cc3178e0172,0.018154171746275996
ck_779cc0f2de4d5488,0.2027884186240657
ck_35f8656bf93e3b3d,0.018998504668823944
ck_bdd8eba728800e29,0.0653756160804465
ck_002cf760d173f0f8,0.013514838892775653
ck_b046067c6ca3831e,0.0011896151716094747
ck_a4a42d4bff8af645,0.002512615715341798
ck_bce253d2396681a1,0.005541788956311529
ck_00dafc060c8de32a,0.020900596182802406
ck_968a99e097ee78c9,0.17318018196016455
ck_66949171b387bb93,0.03330625680725363
ck_ad305286702b1958,0.000538886795024436
ck_4732da7e0d2dfc7c,0.003139016542203451
ck_17a95bba77217d85,0.08150784619851834
ck_3e2516a3e35067e0,0.00686127544147698
ck_0b615ed566da1f58,0.020188802111555583
ck_d2b3ce1ebabe9f93,0.04888199104282347
ck_a892252e4e0c2828,0.0028793361775521936
ck_cf606fd6ebfdf9bc,0.0021426319416878586
ck_718865237134ebe8,0.0011266874365045605
ck_878522cb775b904c,0.040373309822030315
ck_9ed53de6ef779ae0,0.0016713987696668812
ck_3f16e2cd7e6874cc,0.005282747056527006
ck_3c59df37895ead2d,0.0049078936887728235
ck_6821459b626d492c,0.0011267269234655469
ck_11c7667920541587,0.006170980527766601
ck_23a016cf6b98d89c,0.23136170276893922
ck_7137eeb394d200f1,0.1159069255960983
ck_9c4886c5c90ddbdc,0.0015325085201450196
ck_1422a7bf7756294d,0.9581705282660136
ck_7ebc5fa7f0d3b8f2,0.007929413706452788
ck_fcc2059a8d5c41fa,0.18960974376820225
ck_00ff7389d6a83e29,0.008744524175809433
ck_03129b41457795d2,0.01403365520606029
ck_38ba64efa7c38250,0.06098007984738002
ck_57a6b56b09bff24e,0.0034279913777696524
ck_e3b3c5a80a567418,0.0013887400163874165
ck_fc40a16adfced018,0.002901262155432071
ck_9d4b5e6b43bad4d8,0.0017036327035118166
ck_61129937ee466b49,0.018105971839996952
ck_74112e47b8629c2a,0.23535501697899183
ck_b4703ee97f94d7fb,0.0006975807156805342
ck_e560f720a988d8a2,0.9399148112345259
ck_708fea345f68037e,0.00026368775169928135
ck_25394c1b83e0b803,0.041231082289351406
ck_17ab24fe914ae44b,0.0013824096417530034
ck_16c501470d9bb006,0.003925800146211058
ck_628f449e248c19b7,0.1098944750886591
ck_6d64190623dea714,0.0014951401908037771
ck_504a45ee08db72b6,0.004676725487176165
ck_6cbb011e0c70bc7c,0.0027448559300538074
ck_b3225a98acd04f83,0.0026883976267988645
ck_aa37993f1c17cd1e,0.03363654720127929
ck_558cfe5f77a55a9d,0.0019654744648529296
ck_0d0a1a021efea5b6,0.017951369919106733
ck_daf7aea023b7a8f6,0.04132622437600359
ck_d75f25184ece2b51,0.0017776315881714245
ck_466d4b5366c50b98,0.0008765041123287905
ck_88f27ab479063852,0.04987796309558426
ck_66779098e78c1760,0.0006667100661239498
ck_b150fe4efb449b05,0.000741032539370007
ck_9c3aa9f23d01fa1c,0.0019754047433792653
ck_6a01c375fc26705a,0.00040145151336457247
ck_002eb6552b504ea1,0.002366129350496859
ck_affa5aa0bff9bb0c,0.006242120200934139
ck_027614eeba8b1a4b,0.003011994670183117
ck_67e075c982add719,0.003450611557989384
ck_399b0d510be98bd2,0.016203747661082808
ck_e9b0bca7368555ef,0.0038178003594261
ck_59c29d9c57b4f994,0.0027107952156134587
ck_37176850ed68831e,0.004236734250415301
ck_a0db4ccca08030c3,0.9502165308018171
ck_aa188e5c25f7f42a,0.019907163363864517
ck_7de6997178207800,0.0003221600217083708
ck_c729d19053387be9,0.02681504652700422
ck_f2d3e3d90608596d,0.48797119561972474
ck_2db3fb565e0211ee,0.0008316844247967974
ck_bed8a480e27e911e,0.03242064525285188
ck_d7ad9921a4d25926,0.02015483029711817
ck_2a59f23fc5194699,0.030151341971002284
ck_63601a58a6120d8a,0.012385704675337953
ck_efd7b9e22c6317d6,0.010393309610693183
ck_9ab42875a0f95b43,0.0848104035869825
ck_85cb5033fca7c846,0.08593764204870419
ck_5249b223000915ec,0.02987845472217099
ck_3efb0e9bf25612c7,0.0018718331584105154
ck_678e74532ac19700,0.0027834284712823214
ck_a980b296c95153f9,0.012097173612223178
ck_01ac687ce0d696a7,0.02883683669021874
ck_52e1418cf1aa9871,0.006010945961019382
ck_7d28da4f1dab09ee,0.036217144891519816
ck_010d0c2e6c1657fd,0.27917045474263236
ck_b524f7a2e752b9d0,0.007540736651951495
ck_cc447fcc24a0772b,0.8356488537415436
ck_2cb3c99845e572da,0.002462998130430414
ck_604c710141327a81,0.0011412765174812834
ck_8d5fa65717d2e0c6,0.02302152706158977
ck_31199510b40602a1,0.0026148489543115785
ck_49e253ea12f4e922,0.007463957756457825
ck_780738e0d71e7e43,0.0006942960350309313
ck_2cd21137a07fdd7d,0.00611085436284917
ck_5e021f2a3b66e256,0.00862829661369532
ck_efbc79246e32c66a,0.010699558673103881
ck_9951bd806c13c7fd,0.10143601566669136
ck_7a52674e2806d8f5,0.05784965185506725
ck_1a319e509f1efa1a,0.0008614891446027
ck_c920901b9a4ba993,0.892886458386817
ck_b71279e807d0b3a7,0.009567001541238514
ck_47e1032f490bb018,0.008064401176577113
ck_192579ecdca7ff83,0.005669527609696734
ck_b1496c474c4a3239,0.0006800384528205881
ck_5e68ea2c5e893cf0,0.05641658386395215
ck_f2ecab85d4693b4e,0.00820555788512076
ck_89d7bfc81c3df597,0.0054564641726049115
ck_7929284327667791,0.014641252936535669
ck_494ec63c5ce8e150,0.009137249618565059
ck_319b059bb2145586,0.02907359440064413
ck_ccb3767c239018c1,0.0004447463128988985
ck_a1c7adfe26e09a8c,0.010085071587027022
ck_0e13c4f73818149b,0.010730683596051992
ck_c285a51ed6214f52,0.017062170901004543
ck_916784595f028226,0.04060227980368396
ck_6cd8e0196365c474,0.013933978027627745
ck_57b657aba4daffde,0.051011787789243784
ck_562c76a3753fc7da,0.5566924853953011
ck_66cfc1ebc9a513c8,0.0009165503321280148
ck_0f38d4aed68d7d24,0.01645327938872232
ck_d8ddf5e99f7859e4,0.004650292270282314
ck_41bc3efa0fca700e,0.06261690904176107
ck_40799e129fcf42c5,0.35197764146537625
ck_786f079389126e44,0.019659201223401625
ck_bb4c6b713eb0b978,0.010055138981158281
ck_4f01f7eac0efaba5,0.0026844093029860395
ck_47d29c01b20cf69f,0.0044263093087651365
ck_bf15a1f8d67a30d3,0.015204997759448792
ck_bfecad7586f65e4d,0.004165817305496491
ck_fc9f16df35190eb4,0.22189492994900603
ck_c09c914e416edd08,0.01245102385787924
ck_c54c5d8e4433b0f2,0.0018988500049690563
ck_1694c28f44480e98,0.0021165586332902424
ck_1dcaa3078dbb7571,0.0005348338575068759
ck_af559f990c640e41,0.0011786214484614732
ck_9b436162039a77d0,0.00939717967022891
ck_79d62ef181bd0cd8,0.012858026456559082
ck_23caafc2cd34242c,0.006784025916179777
ck_ffe2aa26f597e552,0.003884580453456924
ck_e6ffd0754ac08661,0.0006744912282174325
ck_beaacb4a783db21f,0.0009707149851632213
ck_9863bff41d24ce9b,0.0014899730317026213
ck_323b9cc5c49f8ea0,0.9314073102753488
ck_ab3de3d3e41c2082,0.0005587123360801579
ck_35c93b2924900376,0.0016054921773232707
ck_5a9d5f9901e37e31,0.005469588587532572
ck_782b0be796164335,0.0022505035095833517
ck_11960b5f1c7a5e2c,0.0014832905311777172
ck_9a66cb13a9884cc2,0.007414672298091819
ck_ba666a425930615a,0.0006419281056712362
ck_40140bef4db73741,0.0072420157188111
ck_e05e91cc180063d4,0.03594621710055805
ck_c7f6f45710bc050f,0.003348921685946851
ck_055fb9f2e1c8c934,0.03899478212387636
ck_58bb02d98e2b9cd5,0.026372520302801884
ck_d9f8efa6a7800f76,0.007035467759496925
ck_69691226c68fd50b,0.150279815574407
ck_6f2f0396e5b1c538,0.9941547190914777
ck_78bc3f1d0f35ea6c,0.005289303862668305
ck_2d5a6b6636a2596b,0.0013632583420422003
ck_7878545739af0a73,0.0015693060370501708
ck_03c4fa4f3ed3512e,0.0020766239311924835
ck_1a9e51d092d62c84,0.4607583524702326
ck_9f3861940d8d873c,0.015078231826558703
ck_4684fdd61c6a0fac,0.008660816836643569
ck_715966f86d5c913d,0.0033713176151437853
ck_77f293d44b4a3d2e,0.06526995918785847
ck_24dae044dc05f849,0.029568862386156324
ck_00b9818e2064405e,0.07578630254315938
ck_c1c2cb49c3c1b0f5,0.3318010809064726
ck_bed50fc64fbbf8ec,0.003914143147858684
ck_4f6ed5ea5ab7c429,0.012167611023469208
ck_458531c22ec2f9b3,0.012194191558674173
ck_51c50c4c443df31a,0.6067386385295237
ck_732d45bd578dc39d,0.004119122786559935
ck_783fe5bc20cd02db,0.027092684856666334
ck_7f188aaa63d1d442,0.002693732071214268
ck_ef307a6aee38d1fe,0.9228019033008255
ck_e37196b20968b73c,0.03330019602423714
ck_4ef9de711c3d93b1,0.021817015213599543
ck_17946516d5df71d7,0.002680863678393309
ck_3534be0f4efd313c,0.15183739950980174
ck_29fbabf855cabdff,0.0007616756303030531
ck_191673540d8486af,0.015348046251508159
ck_5f52728d777ff2c5,0.006019279930148544
ck_a045a19369016818,0.9980324383303631
ck_4eadbe7298b15e96,0.005671891980317137
ck_a3a0bd59729fe619,0.00617536486639275
ck_a1e77090b1c6ccf4,0.0013603467736668321
ck_69ab9d4784eb77bd,0.005841351508352705
ck_baa47383ffd50f04,0.0018750972408694512
ck_e35b2ed08b9e55a7,0.005777293847527584
ck_b6e3af0a5119d9a0,0.013161071307424771
ck_a7c1dabf3869772f,0.046363286681550986
ck_80b8fca67a14e0be,0.7695465746400743
ck_dd9c5f0c42878e67,0.00310659212269806
ck_41ef7967faf5ce82,0.0009699764739579224
ck_a93560aa348d6225,0.04975309172197831
ck_ffe91d6f0bd93fc6,0.02110731012884239
ck_fbf630c960194033,0.001587058114630714
ck_497ed60723283c0b,0.005702572918076892
ck_2a46b7ca55239413,0.001624937297051014
ck_1a4e5ace078dd782,0.0057025319936069635
ck_616cc31910f5de50,0.013343371176363153
ck_0d65bc749eb42710,0.009078883823052573
ck_2408db62e4395ccd,0.01196017896011028
ck_5d7721930106dce8,0.011458634118982357
ck_e8a6acea22b20312,0.5190605952169314
ck_e2f792fae128b18e,0.2224697223701465
ck_e6d3ce445b86003f,0.0005723474108980189
ck_263334d722ecbc97,0.5316375701819613
ck_8c5b29f6666d4874,0.07857319005362498
ck_7ea0bf310fc20c7b,0.9647930236018356
ck_54d463f7fd89ec3d,0.015442611637363123
ck_79e45040dbdd6447,0.04022195699413329
ck_60b4d59953505682,0.7683304927760347
ck_fb00dd5021642507,0.012545602068309073
ck_f409ff994a210601,0.024806937541599412
ck_2ca0020038bfec58,0.3037104639385405
ck_adf84b9df54c3d80,0.016136960905772574
ck_942dbf632591b65d,0.01914713672332461
ck_454a7e4d859a3409,0.0010704627902365584
ck_2139062d4569aa07,0.004241342156892565
ck_e949a0f4df0b3902,0.06833089509253487
ck_bb113e3e6716ed65,0.00919696899938647
ck_6a28ea6ce69cb869,0.13167741299011762
ck_7df9910af2bba21b,0.011233818440839772
ck_78aa4b731cbfe251,0.0020284704239907046
ck_5839f5cbd8165b1e,0.012847065580413385
ck_7158ad9e58769ffa,0.2736466158592843
ck_acee218cbe61df69,0.09455708601292637
ck_f8dc8473c2772729,0.05277023929774524
ck_f34c93a8173555b1,0.03697652596884664
ck_7cf301d075e4e709,0.007669267305330763
ck_b87e88ee5512ea17,0.001049291378241094
ck_bed0c020b10afa3b,0.03021254155039821
ck_ca10102961f99eb4,0.0015166546786565252
ck_393287947b5c8d79,0.01562851256174446
ck_2fe6cac002142f67,0.03939895761921995
ck_79c7f0d29b1db1cd,0.025442293478270532
ck_c735b643d3cbf67b,0.003691250673334567
ck_ea4332c8fe48e2a3,0.010067763891669693
ck_d39864119cdd460f,0.0023345461326334128
ck_3b963d6be2773861,0.002099744094101694
ck_df39e3b8a9fd0bfd,0.920981414808681
ck_6236a461dc0d11a3,0.0010985556824209845
ck_475ebccca25e30d1,0.001930384809950207
ck_c10c8bcf5bcd516e,0.1535195711787839
ck_49ccc3716a564256,0.004069870305168416
ck_4e4f99102f6938cf,0.011348325568551719
ck_a97b481ade6f7972,0.02688432754406698
ck_3fa559c679751b3a,0.030963098062094022
ck_3eba1fd2c7acc4c0,0.3986403758078269
ck_18c179b4afc4fccc,0.006886836179042545
ck_cc1c0b93d05b7d20,0.06729519007550108
ck_742f7c28ddd019e8,0.016353440030630453
ck_04470bc93b8a0d71,0.008020574877640182
ck_6e8f8ef7a03cc6bf,0.017078101829202347
ck_eb1ddfc353b4da83,0.0013235931342312052
ck_98831b57c7ca2e4f,0.00030422947161023973
ck_a6c7b8d6e8596d4f,0.01171025308863985
ck_cd7d24e3b095e96e,0.08923589708450405
ck_3f5ae4673a9f858e,0.002094024225726938
ck_05f375fc8ae0afb0,0.0032891918137916767
ck_1fc98436281ee39e,0.0015839790639317647
ck_6c48c58678f64bae,0.000695449626260282
ck_8c95aeec6a4c75b0,0.0007385470682310272
ck_364cde38958b7af3,0.26622930724549493
ck_85bf21aa1a00452f,0.00305456348236277
ck_796d3eaabc667c23,0.9985674093870762
ck_ac449ee0c315edde,0.002956450982151037
ck_6f9fd15ac6b163de,0.0007721367099601269
ck_4087065be2a45ad7,0.4667370376078482
ck_ecf006bbc78ee3eb,0.1800021968052676
ck_8ca808cc5a49cb5c,0.005107461937632653
ck_94b90ab8b2dfb50f,0.011837901969345168
ck_59fd11b3232de9dc,0.9499656876669009
ck_67f3794d93e2dd67,0.16416824895328969
ck_b7f5acf5df1bb13e,0.005470003447290003
ck_fb04ecbaebb774bd,0.0042368346615303965
ck_68ef3e7301c621b7,0.012786795678128706
ck_41406cfa209b6bda,0.0035341930866196673
ck_b0f8f5408662337b,0.004403326074470129
ck_0d2901bfe585c391,0.4004015747907227
ck_3398551e81dbf3db,0.032992961160115256
ck_61c3e3e277629646,0.012305502387484088
ck_2825e34dd3e7ea2a,0.004296902877300977
ck_20d7571ba830009d,0.0018049003444409297
ck_c98b16f9a72a6568,0.0004829649753005726
ck_e7c8a9e4641eb9ed,0.00039083645985997224
ck_254a7c97c36dab8d,0.011102051708843052
ck_e98429675b46272b,0.0016222855974733106
ck_c2fc0ac460786d02,0.07151489229500395
ck_fba15647b3a140d9,0.00244535926885768
ck_15ce50f2704227be,0.01278012021254723
ck_8c748aaa4a4554f9,0.008221563667097573
ck_e00e82a9419ff086,0.011491593405787447
ck_832341c98254bd84,0.019363670725563407
ck_27466468d06db4eb,0.06614226244997456
ck_9d7b9e3ff1f3e71e,0.0030483593107013913
ck_42c6973d3a6fe983,0.0005864390944142514
ck_877c85bad118bc62,0.011726548476105315
ck_75d2a2715259c4d7,0.015791048432442393
ck_37d3e5c681a2214d,0.26758312549021
ck_bf285dd49f372de4,0.010991031127073045
ck_a5bdd026fa9c50fd,0.010461075717300504
ck_88d9244a9cf7a77e,0.5169191791821217
ck_5881b174e49b04ee,0.0008992986923385039
ck_5b16d67c5ea89930,0.016650505569532206
ck_b75b936aafac56b9,0.005335533727273832
ck_aed2681e1646a0df,0.2597274316841799
ck_f63cb5e8cc702bad,0.014448356701842607
ck_1805fcfc4a9e4ffa,0.8564555442317081
ck_25c355da356c730d,0.010669619003990638
ck_70396398e4a96449,0.0019434977500192865
ck_0f743bd13373748e,0.011173296035765327
ck_4b387765f0e916cd,0.008208126787024345
ck_e971faae8a10a260,0.001801744155909662
ck_9eb08369e983abfa,0.0011643860345507222
ck_c30c5844512e429f,0.02382833889649195
ck_59e77e3a81f1fa0d,0.0261126753633092
ck_ca4465f2b5c1a52e,0.997102781562763
ck_c89b9ca398402f1e,0.0014014288426943595
ck_36e72ef9273e7a95,0.0029325021994983766
ck_2bdd8616870e5e1c,0.0007571231753659557
ck_216e87a41de22b5d,0.057282972156935064
ck_60f4fb44f5efe3a0,0.0006587785749545168
ck_05652e8ace6ce6cb,0.004608563128789191
ck_8c136dc691e65695,0.00047996873176335585
ck_a08f8dfadbdca112,0.0033486058906881024
ck_bda4041a3e90d860,0.010461068779824048
ck_15dd3ecaa8ce0245,0.863345007613902
ck_3e3c64b3b7876ce6,0.036920641233067535
ck_46225858a38b2e57,0.0014773331959699464
ck_0cb9f54928f4feee,0.005276692213801615
ck_152671fbf8a9a78e,0.04217412817315956
ck_ee7a515e87d17d4e,0.003035756108317128
ck_f7276091bf513d22,0.0023489875047606047
ck_4f05daf1cf0d5755,0.0017799299567168587
ck_83a69c4a5d55ef19,0.0286969303555496
ck_c50fed2a7c9198c0,0.006224145183796744
ck_70d19d5650ddc8f5,0.006987866839700133
ck_4b4d99e443618904,0.015518408978742782
ck_dca0b6ca93311ca2,0.011007978966247256
ck_b7431d4706461ec6,0.0061478354731338
ck_7b59d22cadef3b05,0.12014673585450977
ck_53428573abcd606f,0.015332728320289995
ck_f538ab6aecf2adfd,0.0005993012472819817
ck_d321249fb065d2fa,0.06501096446523782
ck_72fdfc7e6d8e1436,0.0011016334180572534
ck_b52b99dad89ecdfb,0.005770669856999031
ck_d2d4282f9d256b3e,0.0012842796633071377
ck_c8f2a1dd8a6141a4,0.002330980693396942
ck_8d38747058d0aeea,0.5520055768979555
ck_3ac528caac74f563,0.010136770694721804
ck_8dbaaa00ad829ca9,0.020972514784077214
ck_7c38ec898f0fc21d,0.0009608558018132853
ck_8171ef803f5ff604,0.007146577824643771
ck_01a750db6fc1168a,0.13690590626750374
ck_ceb017baa26e98c8,0.12460042973870139
ck_e2c66c72cc0b0f78,0.0059943062645312906
ck_8d9518f64b222416,0.002806570595178144
ck_804c5a1fa5753617,0.0038266291406904226
ck_fca7cc9c42695453,0.0005677951050234651
ck_3a632cdf2c19051b,0.005372885083650537
ck_b2b63ea65edf1dde,0.08177413069451445
ck_27b07021500ee841,0.01936477918343276
ck_9724718fe64c6557,0.9972835420479178
ck_2786cbc3e75ec034,0.6091883243297423
ck_d9c2622cb6df380b,0.00491332624423913
ck_ae1da8ee98e402a4,0.005219866645317618
ck_62967b91504149f9,0.0029916600281567466
ck_6b255bf68709109a,0.002566101094560956
ck_c55afc68421d85e2,0.005754410264150812
ck_7c7266f6ef2a8466,0.02637226742805169
ck_885cf685a9541190,0.8661347675100319
ck_1a4bb7d3d2ee3227,0.014770850099239029
ck_b4911c42f3bff740,0.0005574795285039832
ck_66f9f78d4c6a3edb,0.009929597409320728
ck_49bdba9ee1899dfe,0.004250881659706862
ck_79b235d51718435d,0.00512310613666277
ck_d840db8cfe2ef6f1,0.0015285837727081002
ck_610c7bcc1cd7ecb0,0.013186525805917199
ck_cf49b6544aff6c50,0.6032011002071467
ck_de05f97c3d40dd1b,0.09627088391429547
ck_0302f67d75973dce,0.004916736983623947
ck_54c2604c9ca6256b,0.02770941273469176
ck_a1c88c0568f142d0,0.09499466261814894
ck_5d72ff6cc2963d1a,0.00072801989468563
ck_0446920a1004c596,0.0007770031172615838
ck_71044c29ef071570,0.002481800193831813
ck_2122e9bb1afffef7,0.0034861375474012956
ck_d1e3de178601d3c2,0.016008909011019583
ck_bec8324a3587ef04,0.0007394165754582085
ck_b616b6f45225f319,0.06920921768971515
ck_ce1e695884511479,0.07940544312806522
ck_a662b4bf900781e4,0.00032599783164703256
ck_b5a84c5547378c10,0.000720385343572725
ck_f80af368cfc6cb7e,0.004238050207997593
ck_da3526ab6c5c884a,0.01786075605856155
ck_bd20be9a3392d79b,0.003322472260434161
ck_b8266dcd90cbfa62,0.0019824288563000045
ck_ac84b33304362c06,0.004237601941119567
ck_794d8935a895e33f,0.008153735696149519
ck_8fea7d915259f1be,0.0009447523824379396
ck_7a1519ad5ff45312,0.001112614223183392
ck_9bf3ce30b65f75c7,0.05534738862176068
ck_5f864d72d1eead99,0.04220151028337322
ck_3c48e0cfc2a58041,0.6193446620391363
ck_d902183f80cc81fa,0.023584005786301036
ck_539cb0d117db8cd3,0.2256240333885036
ck_28f530aec8e77130,0.04631967230185105
ck_e7d903c50d353361,0.18937701732861692
ck_d288b77d1e227970,0.03380917042026528
ck_017208fcc01b5d40,0.0038649573399141793
ck_7e3923d278a5106e,0.007074729407319834
ck_9700a00ff9e66216,0.01746006356279982
ck_5c36c78b7a4d138c,0.03249412577081845
ck_c457e9c9224b773d,0.00901868769148984
ck_1dfa91405d7e66bc,0.0008200062875243432
ck_f1d8a2695a575e56,0.014366943700255739
ck_3b92a46daf8d00d2,0.005364961583856596
ck_aab23b5470469649,0.004782012704848035
ck_ecdd01a391610d99,0.00493192644815581
ck_abd3aa292f8edb4d,0.024238536641297728
ck_7fc9a0776e1339e3,0.0020949216383597943
ck_c0389ebeb0e65cb8,0.002950649715213167
ck_48d0fc4f6a2109fa,0.9852335168451989
ck_571dee4f3336c7ce,0.017680598455835965
ck_4cedf26628c84f26,0.0117126572590231
ck_63356762d24aab81,0.01156793159525787
ck_2c5bc11bb7ae5d2c,0.9541685732666456
ck_6d26a152f900fee8,0.0046507214384989455
ck_c972b0e781efed3b,0.001249986178765683
ck_fa0ecbcf9a33d6ce,0.0011102889842192374
ck_fa3a766e49dc77ae,0.004819087141055476
ck_7baf1e55db0dc558,0.006291876275738987
ck_e8bc49e6494c1f37,0.002611992003939681
ck_8ef1d05cc1e53e7e,0.05476905905325395
ck_cef2a485a77e0723,0.0024227241709522734
ck_228a583f23abff48,0.004294927130491738
ck_ac32c6e374782b27,0.07974159514855153
ck_b9485218cef413f0,0.0042941533876580005
ck_7f15503048915d6f,0.0009445536482837063
ck_b62f5144db15ad34,0.07911337390332893
ck_917d82c552f95a23,0.015127686863267698
ck_fb4797045077bc6d,0.0005012379862354463
ck_2cf8a44e041217de,0.024766663040026372
ck_b7dd681eb3d2ee38,0.0007246852792666401
ck_e9e8cacd2fa35e79,0.026533766141495427
ck_342a79f91de5d1fa,0.031572199749456166
ck_2c91f62c05685ed7,0.0008004092334538721
ck_e30cb64302939f38,0.043412929221405966
ck_d0e95b90ba86da10,0.003922890848015486
ck_1774faf414a5d49d,0.9650125576556046
ck_2401e8ff89e574fd,0.6623303585441689
ck_0cd8802264e0a1ef,0.03495936712088843
ck_da84a0dfe947fd3c,0.015158217161462172
ck_c8affb27ba7fb5db,0.026618324105002304
ck_bc7ece8787ca7200,0.004251432054335008
ck_469a0578d05990c2,0.0010650026011986883
ck_eef67f8dea702338,0.016460231610089075
ck_4f490e379e9ded9a,0.0009625046133378923
ck_354379de065a8ff8,0.003230342973712823
ck_5db1cb368bc41ac3,0.006422156625907045
ck_9b1c3742dd6fcb8b,0.012574407069192413
ck_63ce4f44c92d7143,0.13112194972224692
ck_e15e3390f5ed45f3,0.015271468515387077
ck_da645ea91d66aa6f,0.4502746759662595
ck_834ca727df855f07,0.08642469168770697
ck_e1d5ad20c737c745,0.04434366166590677
ck_ff8059ae5fa5f1ee,0.0004984226504742444
ck_8bb9e75393954a1f,0.0012821558758479021
ck_4e1757d1347ab387,0.9977253207755648
ck_af3f74b1d75a5d95,0.007092988008930891
ck_6b1ab0742ff04c3e,0.08711100825191861
ck_f56073911c9f1ab7,0.0016305842737152566
ck_51bd5f69b4fe0b92,0.6953586266646721
ck_fc3d95030b81f416,0.0006508561624971679
ck_cf78169633a1600f,0.0004725185803447695
ck_ad7269eaa65c67f9,0.002531643681529822
ck_cc6d33890d47a6cf,0.017064081913253773
ck_bc8f31f4a2ffa1ae,0.0007979992627782928
ck_720776a46e56dfa8,0.007795434792766932
ck_e2d1f212f259539b,0.006394964805407334
ck_eaf6f7082c3db2bf,0.030418493360477805
ck_773efe58c6278c3c,0.008815346158729693
ck_c4a72c09f2fdacc4,0.00890401279866938
ck_8982888dd6611143,0.0008006820801616913
ck_9d5049e195eda029,0.0017878066684756987
ck_de58ef6f9fe2b546,0.006424450199290725
ck_c0b50c11e4f5adf7,0.019596108033245286
ck_ddaf228487858bb8,0.05712622333395722
ck_eb2323215ff70362,0.03621528344172349
ck_168c96a1a636ea15,0.0039330187608721656
ck_9c46711b14d9eebc,0.000516386091100016
ck_de8af660806b97b5,0.0004987206153452378
ck_6ab83f45bf16eaa6,0.0007356973104596118
ck_bf2228a052815840,0.001474117129532872
ck_3f943f20a9da9bff,0.0037671861204001556
ck_3baae40454c00938,0.002365776853953702
ck_bc2e771a1d8d2dee,0.07875101089557282
ck_e55f5ca37f30ce8c,0.011909749501649677
ck_4ad5937bef176d89,0.004195337633757141
ck_126531a9126c17c4,0.0006521635530170261
ck_7ec423cb56257516,0.01732862508611204
ck_54748ae0f2daaf10,0.03736496220001742
ck_ff24776280ceeeed,0.0034068903884642886
ck_3c3a1a1365741bba,0.001071712185351808
ck_615277c8a4e2b18b,0.005698121735861812
ck_a96aaef34173aee6,0.19031151923642434
ck_bea56db7f3e930e8,0.0020487171147645232
ck_ca491debd3b32a59,0.006518990781446841
ck_d9ea77f4114a389c,0.004240760057958478
ck_322ffda3332d08a2,0.021231117444781587
ck_c40ffefe4e30b001,0.1373691774711237
ck_3b1d7648d4580bef,0.0006793353330109256
ck_23981a3261674131,0.01580914457191742
ck_11667f5b9fac7bc7,0.0007246635225722469
ck_646bb3c7be5f0817,0.01945227151278231
ck_ebd0a45712dcf07a,0.025738259341675104
ck_baf43bf1bd963f9f,0.055981068603251895
ck_e0ca2c819658f6b6,0.996944251826889
ck_f0d6633d0834fff5,0.02764368871130674
ck_91081be0254878a5,0.026786808280231215
ck_1325000bc7f35b5e,0.0008978757011817649
ck_c624b9063400fa3a,0.014411816423007373
ck_0ad6fa0e23c3bd0a,0.110531598192722
ck_6ddb55b1f23c6cb1,0.004449852787760487
ck_dce1fb3acd65562f,0.002306793554733591
ck_a9aa389688ee5aea,0.00624050821417707
ck_5c5284c45d9ad8bf,0.063487995262498
ck_9ce743dd3e92549c,0.039331843271347644
ck_8342e08cc2f9bcb7,0.001708766857233755
ck_25e551a0a8d2fcc2,0.03935198271201929
ck_d4fd0e438c97e0c7,0.07348348731728543
ck_ac7fe1c344190c50,0.02371197588369003
ck_ddd65711b5651f89,0.00033341664827468817
ck_ec7406cb5cbc8f10,0.003298505275116173
ck_1c65e8d5be3b9c60,0.3366105910260468
ck_38ee42f15a573e81,0.013964461946573968
ck_0e5385c70c6de025,0.0013023182721554239
ck_d3137f0f7629040b,0.004293579489592373
ck_9129c92c12e0c8b4,0.0015631435942897206
ck_c86520a00e50a926,0.02394176145126245
ck_87f82b2b5fee757a,0.03411365699935126
ck_643abfbd7548d0c9,0.016066340375723822
ck_be51f4e5e6b85768,0.04851031567185403
ck_132c16312f37810f,0.004205061604836648
ck_c78c096ca8cb33ac,0.0005866292318015093
ck_2ce5afbc014763b8,0.05970182956589727
ck_50ed8f4e7ae6710f,0.002443480733547262
ck_5a4eb535c9a11993,0.006021105004729148
ck_9b665ef46d785324,0.0013681552255741028
ck_e066f71f8b296b7a,0.002102825238365731
ck_560bc6017870ab06,0.0012379877814477133
ck_fd78f8a8663646d7,0.004350963622083135
ck_4af5ec61ddbde1a4,0.04606197336023478
ck_c2ed04a9d218410b,0.005156031035126126
ck_2455d43bbdd2bb69,0.013178268712923064
ck_56eed7041add49a1,0.31642564425011876
ck_5f0be7b468a72333,0.0038483743364739107
ck_19660cec756632ca,0.0028443354443237045
ck_fb90408f4892a21f,0.055392525065518936
ck_833a65b86a5d9bda,0.0014555566410412338
ck_2ac36e1dff211d38,0.007982570464344519
ck_c00e70606904539a,0.0020002458354036793
ck_ba8affe4b9505a95,0.5325936823526973
ck_0c3dd22587b08018,0.028538117588818045
ck_618c4e5cfae99dcd,0.1220751655826602
ck_c9690baddfc4177e,0.00046699802053576774
ck_59fae092fb0c4aa3,0.007108440953691791
ck_e03b7d0fa0b28f4b,0.0006824741647183108
ck_d451d24c780b5884,0.004501893902107973
ck_e980d325b8dbb8dd,0.0010747411021525652
ck_cff18e2d8c520272,0.0003558050860663383
ck_a0e46b67e986ab56,0.009468648404294844
ck_3a469039a5b9d963,0.002888227059392106
ck_12cbb211ebd2b437,0.05268887182925797
ck_b8cdd6d6dccc4554,0.003113863204020644
ck_794ba5921cef50c9,0.12597360465829907
ck_2c7667f64edec2b5,0.003778013495606849
ck_7262b4e0c29c942d,0.0034355875135629946
ck_5d818522cbfe2a54,0.027805326271595272
ck_de39c1947fb675ee,0.0635412433298234
ck_c021495606b4735e,0.006308117066092706
ck_1fc03ba33edd9e67,0.051751629018642706
ck_a6fe344bbf67f14b,0.007369867003290992
ck_963762210edc5694,0.027900535655141896
ck_d064428b7e7dc409,0.002364870933682192
ck_59be61b53d971611,0.011505475673208858
ck_ec8738ec663cd2eb,0.0032786016279135848
ck_59d086fab5998646,0.01019905830180877
ck_bd32dd3b2cbb7888,0.9983360451798048
ck_ce0166addb93bbad,0.0007918752876771769
ck_7c0fdfbb447cdc04,0.038488162883804536
ck_cb1bd7635968ed8c,0.11682391360632825
ck_66f94903177f20eb,0.005315279797984019
ck_1d7cd5dcbcdafd7b,0.5784391493107699
ck_5e418a7c04437b4a,0.02831329959954592
ck_631ea1ae91ab333e,0.018243982349001236
ck_0a8029e79a5ae7ce,0.03446722531551102
ck_c4cca8278bdad9b9,0.004943540983305848
ck_4dec3df58077a257,0.00596526559862505
ck_609c249edd88c565,0.012917825624287492
ck_02e5f9cbbbf2f078,0.007116851682733185
ck_32e486859130458f,0.7458813481990947
ck_21ed2ea6386c5a07,0.0006393288549907183
ck_1242aa4496576a99,0.004404648888158144
ck_475ea9aa6d3898b7,0.12312873206980411
ck_fe1b1adae3be70a6,0.9153868547327243
ck_c5414d7a8031d4f5,0.0004634195568729325
ck_ca1f6f01868e978f,0.021072385898013087
ck_5eff0208c74ec714,0.009921130270129423
ck_a315c9619a317609,0.012958731366507912
ck_2b87683c90acb852,0.05247100139803276
ck_7cd9f39c50748ed0,0.004800565341808926
ck_16a06d58d71935bc,0.09255395053289994
ck_d116e0e7c19b878e,0.8315486091923046
ck_931510e384b1d0cb,0.011687836494859988
ck_e7651fb87bb24132,0.0035421649576736353
ck_88ef9f85948e1a01,0.0017913267920883135
ck_17bf38d51115a8f3,0.0026563803351793936
ck_2659d1d3762a2825,0.009797853820963626
ck_a7285955e2852686,0.009373252566197806
ck_f2c33d5b65b321db,0.034205361714376055
ck_83e5979334345622,0.043164588856664264
ck_629537d8b4d0f395,0.0066319595830218285
ck_72022008a92c9386,0.01424822412374424
ck_2973b8274f0bf69b,0.01423513563224479
ck_565e3418d2f4061c,0.01309146857924108
ck_54bb53b8f8ea32ae,0.9967737794243879
ck_af0a6540ea7a36b2,0.002689114140173367
ck_888651bfc2c8cf70,0.006524973956143835
ck_1dedcb48ac381a1c,0.1519979830752802
ck_f73273e220296be8,0.015764669809256372
ck_8424bf65223a5a9e,0.0027845793977805526
ck_337b930fd149a696,0.003744594889806077
ck_8a4952de8a123ef8,0.0013172606948055852
ck_884168153c9c0c81,0.0009332093233380895
ck_fdda581aec411010,0.0010340257140682182
ck_2b7cadbc8b180d32,0.8848132785259357
ck_8aa8b9968233a1ab,0.008837417625334597
ck_0af18b3ce015d294,0.0014443511672582966
ck_8dde670a735d1e90,0.07287150317918506
ck_62f46226f244139f,0.061521538108075015
ck_f948e8a8fdd79b4e,0.010881287994247863
ck_fa00aa0f3e859904,0.03197164999704615
ck_fc7935f784a4f249,0.004984406439876446
ck_e7501307c0698e5b,0.009726244056388153
ck_549ed417f2834cee,0.03357949267195867
ck_fb2a35571ec719d4,0.18267026786735882
ck_25822068c86c856f,0.0008031891106823074
ck_8f35d229b62c8f23,0.0008657432082058988
ck_bdcf049c1e7d0c95,0.005622824071156228
ck_0aa9db36eb16422a,0.00038130034868798625
ck_42dcf92e9e016922,0.06537393055267232
ck_42341cf31c08c981,0.0012227000833676233
ck_0b20bfc515ba42a2,0.006088978012478771
ck_0ec820b670d48098,0.0018347603335455713
ck_1f0bafec397da8e4,0.011787789253611586
ck_82f07504ab59ed33,0.07317563697149168
ck_337b24a474010abb,0.9973674266697967
ck_703703bda38fdcf8,0.0048961494501226195
ck_01e7960c63dca3a4,0.955582405191025
ck_be5bd81e3715cb8f,0.9064539405473447
ck_197f8058cea1fbea,0.0011178656701831655
ck_eb3fb1106f2f1b21,0.051248097585465044
ck_658b4b54be09a4bc,0.9953946956050528
ck_266ce7ccf41ccc50,0.007738470754726837
ck_110608c3b03d4038,0.7842531368767134
ck_1be8cb95d6d9bbf8,0.0020790504649845446
ck_8e16a64a776afa82,0.33286384399859464
ck_34bd190d37eda534,0.0456582549033247
ck_4f521611ae14ae66,0.007947874481884528
ck_d839798f9520363e,0.024875552694870927
ck_d1bbfd246c0ac9d5,0.04522576453584364
ck_f19030e6e85a6776,0.20902726142903524
ck_cdabe60ab59f9d5a,0.006369999043994642
ck_bb84b2b30293f566,0.7827992425555395
ck_427b91925952cb40,0.006472443553383195
ck_1078b1e155b5b640,0.017543282756659055
ck_95fdc264eac72fa0,0.0009834479252764784
ck_e35eb857c61548b2,0.7933164462342239
ck_69bd0b1abea7e1f0,0.18163304009626052
ck_59de511b20c842ba,0.030385496284579573
ck_168e7ea341a36b80,0.0011820631185336344
ck_4937cfa6526ea138,0.009703753274661385
ck_bb1a981306b750ac,0.061666629607078145
ck_f42a43e4c3f34ccd,0.0015618924288730016
ck_c7ae1d4b3ab38185,0.0044040021908613915
ck_bd23cf9bba1dd33f,0.012610545687554077
ck_0fd826fad7ec7cd6,0.03762508037985244
ck_f143641bf3dd0414,0.02278250853844395
ck_ad6d48c20a3688a7,0.0021608484396025015
ck_7bda5b5b927b2905,0.03959247874451811
ck_a337eb38eefdcc88,0.058259197618227995
ck_403da2a2d800df9f,0.10361593045311861
ck_aa01d5aafde73d0a,0.004500734533468697
ck_494954023f0eb309,0.027472826623678785
ck_1c6820fc38135ad9,0.0046348903976615235
ck_0e0bab173622db9b,0.10761579917093175
ck_547090bf35a3b243,0.005776529419737863
ck_d69455220b21dc9b,0.001569424067834214
ck_90b4ac695b9c6bf7,0.0013960833838414842
ck_8d2afe17c0082e6a,0.1677586841597009
ck_926b81c0ba528eee,0.017540956854193972
ck_ce36b0c287bd198e,0.043970171616672285
ck_8026e017909aaa6c,0.0005309528212047393
ck_dfba788f35d4c372,0.0032641500268722977
ck_f09f9d0e0886e0c6,0.018544642417173948
ck_4ffe0366df388604,0.011044934697457813
ck_75bb521de55644c7,0.0010775662241686908
ck_81a960fddf79ecf1,0.945387261503462
ck_8f43459991ea511f,0.0034594889664906394
ck_f878b68d66fbfd4b,0.0004177069908712389
ck_e84abfc0c747c9dd,0.9371222329078341
ck_3ad3fd3cceb56b66,0.9674899177700377
ck_7cf562578c7f158a,0.007261771160602717
ck_f81a97d350397306,0.13671782666716648
ck_255d87b7fb40caa5,0.011312026633665054
ck_b3905153b9eee924,0.01260570396857956
ck_2c80a592fb4cd6a3,0.003730834434650681
ck_57deb202d4188a29,0.008726621503257065
ck_e3cb5f31d8e94448,0.9872660446454335
ck_0db62d5f7f75f80f,0.034227680078255884
ck_ced9163ea85589ea,0.06286296489381732
ck_e16528edc694fb33,0.9352014469593795
ck_78cc5ec4940fec3b,0.0046093301872794715
ck_31742076e9a998f8,0.014986409993344763
ck_5ac335f02280271e,0.03252108620906183
ck_7cc2e091806cfa5b,0.03416916496354273
ck_3152c7115257f084,0.004567303067961898
ck_ab1b9d019921bca7,0.006986137257152391
ck_c33a762d98f9b290,0.0021279882161383016
ck_b16a7c51b6f7a6b1,0.008444233114890544
ck_97402a153348e68f,0.0034893341074534274
ck_95391029a21caa24,0.07357304705060017
ck_c2015a1200971fe9,0.00951377672062475
ck_ed4427962c68918c,0.9954646900236538
ck_c5e4a17d3efb19a4,0.1318211637093029
ck_8aec3d3dd51517c2,0.0006018981391539051
ck_f5178a658225d8e4,0.001327073885657512
ck_8594f165e95316d2,0.005170234799455166
ck_f0c4aac04076a6dc,0.0018599406794269032
ck_ac2f7397801036ef,0.03007522372575007
ck_d1ea4bcc407c7d5e,0.004557462815835034
ck_cce8b6657a538fe0,0.042745815914276876
ck_66d0c6d6b67a8d58,0.002555540130544636
ck_1a6b30320835e57e,0.009271246931993089
ck_8cd274cc85aa35d1,0.07333012064708293
ck_ada46085a78280e4,0.006305544685258115
ck_ce1b06623e4a815e,0.002154265345736025
ck_45e70c8a9686580c,0.06325849374856382
ck_0084d8ab6b1044f3,0.0018754029659780076
ck_a5f7b6fed6df2aba,0.0648815730273308
ck_94940d783e7988e6,0.0030372830352337734
ck_00f9ca84d1d8ae7a,0.006420142615884257
ck_0deb56f3f6452818,0.0010357386939913772
ck_a58e900469dfc3f0,0.0033266432280941085
ck_028c41b195280980,0.004670187913983576
ck_7661d7ceaeb19f97,0.022812935472568865
ck_6957905a65c47879,0.003296655992145986
ck_f7c6c26ef3c4ae06,0.007848015990188107
ck_8777beb11aabd66d,0.008435232178266748
ck_7db098a17374bbf8,0.955861812243215
ck_66aeb00e44486cda,0.5104090871956969
ck_838c52cc1d315ec3,0.0075019765982183104
ck_1745847cd4e5dc83,0.02377695874544055
ck_201687857ec8b3cc,0.014229280133930282
ck_81818169208a8cda,0.0093626350477189
ck_3303fd3f64632c7c,0.08392316260959565
ck_edf1096809e83ef8,0.000982574235681327
ck_235ce9603c7dccbf,0.0612199160326846
ck_9df7e153868bca13,0.001564371332566824
ck_3cfeade2cf270fee,0.014166244174422506
ck_982b0bf2e2b6c4f7,0.002973195331602369
ck_faeb0da678bb86c0,0.004671894327960856
ck_e86ad2fe815b6ed9,0.00627784700957321
ck_70d69e5d1bb99e85,0.0029877644341092984
ck_7e9a8924eab779e6,0.9963239482758699
ck_019d5891103e7da3,0.003746917430675446
ck_14f0484b3817eda5,0.0045077674178142495
ck_85de63d278f0fbae,0.0010858649327837424
ck_ae91b4cff57fb3bf,0.0176810505030386
ck_2a6d43b9f883b78e,0.6421029969570242
ck_7a4e3d553e8ab5b7,0.6254338965481102
ck_fdf89dc69f700f84,0.36955442842809294
ck_f92e04024bf13558,0.0013418861999145335
ck_4a522ca2dc4831a0,0.0021570471573343943
ck_68ba25dc3385fea1,0.021903339907131426
ck_22128a4f0d033422,0.023042231432742647
ck_5b52ee0a13c71590,0.0007190752234350174
ck_59472d17debedafc,0.02747770747103265
ck_9dde2c63acda3ba3,0.004640369783577929
ck_7510b1023cd08531,0.0009975807448182638
ck_071ddaaf2e4e3671,0.0031574412917743603
ck_1355db6f4010232a,0.006835583538791074
ck_0a7adc2f27f98510,0.03760641658737834
ck_68250033717cd59e,0.006294829637791514
ck_7c12de74de30b788,0.6099515681765155
ck_65491367584c730c,0.01131279297567755
ck_e9047964952bee70,0.049530211732525975
ck_5567779d6ba184eb,0.021322040832176387
ck_d6ea026357ec6477,0.00822920126418478
ck_cd7dcc884e283746,0.02243740277417848
ck_0bd77fea8ed75a15,0.0029981759460826554
ck_e80883208e8d0453,0.002451373521150695
ck_2ad0ecbacd5acf8e,0.9125086428840903
ck_6c1dbee7e8fdd5c8,0.0051855019317640465
ck_ee4d9a7449515908,0.0007771369131528542
ck_636111f7f030496c,0.0010514410151599655
ck_2c629c657f73941f,0.004865195022549285
ck_c1c9d3842d758420,0.08233322842466033
ck_e4df7faacdfe8c40,0.03390764679561427
ck_94e8142728e44380,0.035208923724258365
ck_765aaf42c5088545,0.006057249875726548
ck_e0f845159b6e6a4a,0.0023700412867371304
ck_5bc07deb82edbad7,0.0003540318048824747
ck_713159c5c6a7a4d0,0.9985657412020634
ck_b08afc91d9ca55db,0.03660655960926433
ck_a7bc323ffed2ea97,0.41200221536554216
ck_85ca825f905a34a1,0.03934094567939521
ck_33160c443d4b3f19,0.018033617699263357
ck_832d39c590a3ca75,0.9367644660574159
ck_7d1661a34164406e,0.9854376898614751
ck_c2466fc40fc9d5ed,0.9946665302986846
ck_ed0e776c0926ce67,0.07088972435143638
ck_cdd2ebeec75bfa69,0.09752193864688094
ck_d7877684c7923ec3,0.0064780092373727645
ck_7384d4d2406aabf4,0.0107409610643199
ck_b8e5244e650aa81b,0.006691605240735274
ck_25a1ea40b2d59254,0.001148576626218571
ck_b9e5b318ee4de68d,0.002405079066825789
ck_620d7ae27af83cea,0.0021617434709422607
ck_40b4e264d1a12b83,0.919313888858152
ck_b694c803b62862b3,0.00410523178365551
ck_cbeca201dbade3e5,0.06684009663519774
ck_f9b439c9161c3e52,0.0009063305531385022
ck_9880410fcd10a28e,0.0004986509400604559
ck_74928f5f91aa12b2,0.07589423740853263
ck_b6673bbe61d2680d,0.013187082527350295
ck_53c8315b5c30acb4,0.0026641932355566875
ck_78f01d78ea79642f,0.008816933294305367
ck_8582490d6e365a63,0.048666140112196846
ck_af25c72d16299258,0.0009826759769253441
ck_7905fe8e257b0449,0.10618618204284877
ck_0d16d9349e4a9e08,0.016025221847197735
ck_31b16b8848584e98,0.02645692323748134
ck_67207e3eecc02d76,0.030880093487010315
ck_e6b95ff91116a592,0.006894903071082035
ck_c08f622bcd6de6e7,0.11582245524039407
ck_f9a68da9e0f0bc85,0.0016741513704447999
ck_4072b59388976896,0.004006171487610362
ck_8ec86e853ad52828,0.08345181250425687
ck_4fecb87eaffd5cb5,0.004139222635962997
ck_d6880578428b965e,0.1940488807789919
ck_bfc82b3c1c9f2897,0.9530635992733081
ck_c340644176ca03e7,0.010246010069220674
ck_321e740066fb05c3,0.6557437545552112
ck_8929d2eb09872052,0.10894792954733798
ck_205c107cec528414,0.7541914854512636
ck_e76db7d2562f9836,0.030627826951487892
ck_9ede51c8434cff6e,0.01196070882667352
ck_492e4b89c61b7b6c,0.001893901284058246
ck_9385f5a1eeebefcd,0.05202971170370098
ck_ee52c7bf88f952ab,0.007108894105318687
ck_d8116c34302021d7,0.0011848628130469163
ck_01645ea51972e99a,0.047472216580261774
ck_7b45ed23304a854b,0.008111201522203938
ck_2096d32f3d497ea1,0.1570770342506017
ck_dfbb2056f1ef7d3b,0.003861724274710902
ck_938ce30c864bc7df,0.001331765311202836
ck_ff30dda2c881a4bd,0.8673815045021601
ck_f88c79186a082beb,0.015726513867709686
ck_08c7bb0f9851cb76,0.12910384105985176
ck_2675e7a008e584a7,0.17119700690418893
ck_cbaf8a954281d4e3,0.9933073352401478
ck_8b24eadf6c72b30c,0.7434809246921481
ck_ffc8e3c1377d0706,0.0021007063802635905
ck_5b59e859bed5b40e,0.011509205894497256
ck_7b61717f172f9317,0.9485356965829628
ck_e5c30947b732f661,0.0943686242893369
ck_bc273f3ce79f7e1a,0.0012444353030627434
ck_f69e93388b3028cb,0.31018270649616564
ck_3837ad850996ba60,0.0025848858544946954
ck_36d78ff3bc033ee5,0.010417885281336386
ck_5e20953547ba4135,0.2380709767512722
ck_258d661e450ac870,0.010120621695601007
ck_1df66f537496ca59,0.022369458332988708
ck_361f535599110201,0.015611522963333117
ck_337e98c69f6e7886,0.023391505461199936
ck_d3d5b2717cfc3913,0.1819216169607626
ck_b1dba768dbe7affe,0.050697473840314485
ck_92d782bd9ce0d1e3,0.002679903453045454
ck_26bd0f8898afc8ba,0.0003674789950394207
ck_7916e53daab36745,0.16221886722433926
ck_2caf553b31831a50,0.0059463001793995385
ck_c6200734c7f9b2f9,0.991717845510997
ck_cdc55623cb16e6a9,0.005706402792650238
ck_57849e15b61c43b4,0.0014998476631301544
ck_b7af9b2ee0eebbc6,0.03247682438390345
ck_00aa5fc3b3bc66aa,0.10028817430806068
ck_9929723f65636c7f,0.9952289058811782
ck_8f6cce9f69912983,0.012343677196953739
ck_c422ba389ff00781,0.0006913728816516157
ck_9ec7f334604a228f,0.006817662774544996
ck_5d01200ba3341462,0.003675345806622184
ck_2bf10be403849c9a,0.004774799754464528
ck_6ca018259f70858f,0.00981019527574225
ck_a54dc042ebb7c766,0.36179232223861385
ck_79da63fc100830b5,0.010254172180407788
ck_67ab6f9e05c85085,0.005567909186033289
ck_fa80da579ea9afc0,0.02419127733480512
ck_4339f86c87289222,0.705593833271521
ck_a2299b4f530be0d6,0.35221678647220245
ck_19db0bf788697c2b,0.0073973084048376304
ck_fa4211c4d826d830,0.0009004156805396364
ck_96100d5e8e051e91,0.0026217958170184764
ck_5c3a671883d58b3f,0.00035637649251332845
ck_2d9524787cfe1ab3,0.4605238560678202
ck_47ab8e51e5b3a2d8,0.0018191622238830987
ck_c924f36bc1bbbaa3,0.009732857964472047
ck_5c58e7f8fd55e26c,0.0010436622495836284
ck_a07e7409d6d5aa06,0.02415484153788551
ck_c8413898f5f7cb7d,0.03939443765362055
ck_577c816b41cab002,0.8481514502976748
ck_9f7807ed64cdb728,0.01133508132619045
ck_495d814d6d6d521e,0.002054150556016041
ck_7aa8bc018c2b003b,0.000716263085782065
ck_7c3a6a82f3c3241d,0.0018015157766362508
ck_487f7fbc290e4ae2,0.002894867013633275
ck_e556c4d36aadbe03,0.0007151903857568951
ck_7e6569a1b2455cb0,0.00024123667181584978
ck_de2924955926d046,0.02381033362554295
ck_73d60b4630e3937a,0.0011320871298663377
ck_805ee564bd35ef15,0.0033869277391866985
ck_0d40961e47797027,0.001320525530417057
ck_f06d00a4f9c87d80,0.00046369850427270965
ck_5ef50fb07b6737d5,0.018337506857869893
ck_16541fc15683e21c,0.0035957364930725806
ck_09fd43f1b7e2eca2,0.00041096713727300127
ck_2a2c336a69b8d68d,0.007050276303948518
ck_2685f38930866af0,0.059309425286908954
ck_298278a9da874437,0.0037395219881496957
ck_00bd7803f2530c68,0.008469513200685893
ck_c2b4a1d8c0b6c1cd,0.0014259038977189088
ck_2acb54ca20c3af6c,0.016025982621101578
ck_e3d4b6f681c783ab,0.03075177927902925
ck_f90293f1eba5d7b6,0.009804452348591411
ck_e69d27e8965df0be,0.0009287831807258289
ck_b7f5d10b427346ad,0.0019730388682296807
ck_1ce20e4223a936b1,0.005927877683610268
ck_6b97d1ab90f6bdeb,0.00898263594903572
ck_e30e17db5473c7b2,0.0027981671730289434
ck_154c8efb19dee665,0.0034525352518341027
ck_6f5bb0c930644cae,0.9980657468950341
ck_9e17699baa83d173,0.0003855789829066662
ck_9693b1eb70880205,0.013039508950961284
ck_1e97899875bb427b,0.006704056567725343
ck_558a82590f65df69,0.00022631926503503388
ck_18df83242ff3cdbb,0.03569556097719659
ck_80ad4396e1084c68,0.03645714424083571
ck_0a993bc947bab61f,0.011964536323204645
ck_5c2d43ff841632f9,0.002839158697342566
ck_6e4b99fb9725d9fa,0.0071919782878616546
ck_e0983999ca26c19e,0.038069799731256945
ck_6573c4947cc8607e,0.03673870534537399
ck_d879d645d6e44207,0.008580165076686585
ck_1375ad9f10688e4a,0.0008090264027565461
ck_7501ebbf4e21f160,0.010522982133621057
ck_ca60d61cd4dc3bea,0.0003061102559758982
ck_ab9ea095a5c58b4b,0.018186543366130892
ck_23756522b58df5d8,0.0006840043348319811
ck_90bc176c43d85fd5,0.25791257112626564
ck_908b663b2dda94ad,0.019891695011837757
ck_4df2fb8e4b649e27,0.0029052078701983174
ck_5615c6bbdef05291,0.2475419214866087
ck_b62f3e3185251f71,0.0009208242013901528
ck_38d1a22850178f33,0.000643133736270229
ck_5b3ba20c8bb1383b,0.0032643083372847527
ck_5576ffc6aaf6f22c,0.0008931101730295951
ck_cf7a022178165e56,0.0017091384563218453
ck_f2c7a4c50e2ede96,0.01097418940419436
ck_285719c77eadf915,0.0002594217195930354
ck_f2aa1b677619ab19,0.003972986587415418
ck_3830c58d841e9e69,0.8374158060766479
ck_32eba3510c8eac5e,0.008389438663111322
ck_8955d7b9030d5eb5,0.008338016405877419
ck_6775e387dace7525,0.02402095640571645
ck_0a0cd7f4be606a93,0.015573969880401219
ck_a9f700eee5d638df,0.008283421805118044
ck_3d7db96995745472,0.026129726309291126
ck_aeed557007d52e9c,0.00036458823227719525
ck_79b6a86830156b5a,0.004061912163823825
ck_6a1ff9d69466181c,0.9987706017602165
ck_f11b1565f986f5e3,0.038441766148266165
ck_4819327a78615485,0.0011016802008346146
ck_3ed9e081959b2f5c,0.011508933501300023
ck_16af4be191c47d3d,0.0006433582891036629
ck_25122cc0e8b1a662,0.07034560300961776
ck_509c22828d467ba3,0.017531415540171243
ck_31109c899336348d,0.11939260982437218
ck_c51131e53baa59c7,0.0005364927799637708
ck_cf8ecabbc61d3e11,0.0005544910836345271
ck_eb6baff0f85ba936,0.01732647627829685
ck_777669e2243204f2,0.9057334194675495
ck_ac0ea27e692acdc9,0.012947653702650054
ck_4c6ea04ce8ca9e2c,0.0007858394482225606
ck_ca54b32fca7e94cd,0.002528123861587711
ck_4dfd8947f540eb24,0.006712448511217399
ck_95aff1fe27fb24bb,0.014446903385753811
ck_c7550723b90e5615,0.0012231245010388236
ck_57b3fee69bdf85e8,0.0005073952257379366
ck_f823407ace7ff064,0.03155663175870761
ck_a69084a068bcc8aa,0.10800278776550834
ck_c7b17f7b24bef5d7,0.029707618062359515
ck_7c4e588f927c27c8,0.009061160389680446
ck_77fdac602d0c6f95,0.03914317645849431
ck_e963d8525018d072,0.008287205050589393
ck_6e8ebaea8f7bffaf,0.00022110818758397583
ck_aa42976a31cb7770,0.003330857026905422
ck_22c862a496008c96,0.9984527339852707
ck_527550dd15f38782,0.01135579231064383
ck_b3ab3c210e2c7c19,0.035411982518190215
ck_ed9c56fdb9f45ddc,0.2866180068136188
ck_b53281da70defcfa,0.004974697503505699
ck_03009b721568ee98,0.0028426727549475507
ck_3d9afd862b3f4053,0.6499248423127887
ck_ad3c4be96599554a,0.005084219154346293
ck_d1c787c27d50af49,0.04382981059782302
ck_c7a9c7b2eef46a99,0.0006889575865939886
ck_53036d3c6c74446c,0.5416617658357272
ck_1b1efbd9c0964c8d,0.022531994931340053
ck_d66f42a269d5c1ed,0.021002420346863504
ck_fefc49a2b8ad993e,0.003121323301119371
ck_8b3b874249adece9,0.014809023314358393
ck_193d9c87ad3f1dad,0.00032179231327480616
ck_0c6a50d747593b7b,0.0042427263994033
ck_c830f3830875b47a,0.015787962697863506
ck_79e202f06d8dfe42,0.10478501034831009
ck_5c0fe988b8aa7fcb,0.24636359519196158
ck_a8382d8345f21e1e,0.0004192209552392301
ck_8cb20053914692d0,0.10860862568673577
ck_1da2f69023ca4c13,0.0008678941672898429
ck_38abb60995114f8f,0.016371139776885212
ck_f5791fd8fd8fd191,0.011105013267339396
ck_a4e6fc391b674335,0.7841381094143809
ck_bd771efb4a7e15d0,0.002514440970986004
ck_38ba4a6b6a292054,0.3338848650853312
ck_f7a07283345a0dce,0.002191424153235101
ck_87dc484baaf5a23a,0.0002731692275118349
ck_c84ef83489badbfd,0.004940215077586192
ck_a397cd64ec5d644b,0.0015437892229460588
ck_7977135c2ff61e92,0.01865012701024198
ck_52174855b243a8b0,0.07342628351261019
ck_0f35e930d0614613,0.9840613544788779
ck_b170a7db522a0d6f,0.0020500548129578295
ck_7af748a23775bd54,0.16582487336420879
ck_52f641c9ee6fda70,0.00437668691831079
ck_c3719a30414bbb4d,0.0014760480435025477
ck_2baf214ad6bc0dbf,0.0473084902059021
ck_8b39d8aacfdd72b4,0.0010466901031056727
ck_d39b0152116203be,0.01686892828992436
ck_ed33f8a937f9c7c8,0.004935519078917327
ck_8ef97b55a5fd6ec9,0.0006539700802519195
ck_8247f008a14bd1a2,0.001871761511834916
ck_f0d349d68249d5db,0.0006587712005710299
ck_a544e766540861fc,0.017542850461709114
ck_9dfaca4c7c80b10d,0.10053318578629762
ck_7e5401c362b2216a,0.0005123668089415019
ck_64ff60c073fdb6db,0.01201062089693683
ck_fc5ea49518e5d637,0.0005622225186106812
ck_580f136ced341298,0.0011650563181357923
ck_9cbef9bc95449dca,0.0038193974712529945
ck_e475a3b8ba870a7e,0.0031688829381340327
ck_97e94708bcf43563,0.00208109946550183
ck_13f03ec785cbdae1,0.0007351805813646131
ck_152820d8817f478c,0.010058970349659281
ck_d20d4ba60eec9945,0.02007076933955923
ck_5c45968a805132e0,0.01133962671150818
ck_bebea2cf3063fb24,0.004960500774986901
ck_c3c69aefe7ea1d2f,0.009120353076999523
ck_02028b72f26fe855,0.012821949042005211
ck_dfadff70a58a9133,0.001554213293462741
ck_6482ed4491bedcaf,0.001395215205994111
ck_754cd7b4a5ae3f94,0.02135638265602604
ck_3132857aec8485bc,0.0007794030056543991
ck_7ce4ca91b8f9f1c1,0.0029417254007284123
ck_41938582f4351772,0.0035880473109842458
ck_f87d66946252476c,0.399059994738055
ck_8053f1879a9b4e43,0.0007345671504741874
ck_93892e91387f5103,0.002196150447690282
ck_15254db133b28371,0.006655104098881162
ck_d557b9feb241b3ec,0.0009876804060608133
ck_71c3a8e4c12c989f,0.0028103183384104316
ck_80e3041811033443,0.050890274953604195
ck_3380d60067b4634b,0.0010818896153707526
ck_a9c2cdc758df8510,0.08293928419826664
ck_3c0031d7514da17b,0.020305708403725697
ck_18d214b1418be39d,0.001199911119065636
ck_7ce768407fd48321,0.014916302670929808
ck_7a50abd42298133b,0.0035371217284165873
ck_2db10f987d137582,0.022334093070729602
ck_e077d004cd1d80ae,0.005635979148250041
ck_1cb6dc67f9a321b5,0.046165053995785695
ck_b864f64101149c35,0.35626042571975847
ck_9bedf54df9418e4a,0.0020175613666172697
ck_c47e32c47f0e6578,0.16504046054922988
ck_71f382d5e338daa3,0.0033154454676597557
ck_14b4bf7be6ac2b61,0.020491480562379243
ck_5c87eea1cc07cc92,0.12974373379761683
ck_5f445182829ef342,0.057295068490489695
ck_a5d7311291caaa54,0.0015447179447132674
ck_b7df99aecef385e6,0.05321203944774079
ck_3327a0582407068b,0.01809698875314055
ck_08dba09fd7dab896,0.020794010333153614
ck_f4ec334be5266378,0.011201275102294727
ck_240f7f894c5a86e7,0.0012881081007548728
ck_a9d994554fc14a02,0.0001829870438868776
ck_13648cbd306eee6d,0.005656411484187855
ck_601edf9105b3c321,0.9974443944105373
ck_9527adac182abe57,0.4782432789913392
ck_4e0e80f5cc271bf7,0.0001803180327392055
ck_96a89e720176b389,0.10903903103635809
ck_63560eec94b76d2f,0.006340816952919324
ck_c9c99e5b19aeced8,0.0008412268495047564
ck_bc32655ee5ed643e,0.003356091787413973
ck_edccb5a93b741744,0.0028143797470392426
ck_f786cbc987b70930,0.0022608149631894187
ck_0e8f26536ccc8947,0.056123491705605245
ck_b87ef4b98cfcec4c,0.021058432022495827
ck_1a9235812de4b2c1,0.01633557791981543
ck_d1ed88ea4211ba4d,0.006870938572363697
ck_a4ddac49657a4450,0.015443000707887497
ck_d9ffca35188e49d8,0.03304381017602937
ck_3db73bbe03c3d240,0.0011276518132413878
ck_fffa0622344a36ab,0.0016889936901324197
ck_148c28df51bba5e9,0.9604634666388067
ck_076cbc25c8f15fc3,0.9891499307098907
ck_e5ca550b39ed45bf,0.21894626277712076
ck_8dacf3a2061ca17d,0.002835292705086698
ck_2d7394afd61643d0,0.004953321908663371
ck_e42206e91f6a1752,0.0002924466167864184
ck_2f4f94827984c426,0.005033632637006034
ck_edfe8e90e8f4366e,0.0007736554547132242
ck_646b15f753e5e9c6,0.018301414743812302
ck_66600620149c8799,0.002062431154058854
ck_4ff6fc70bccfba96,0.7591372374104628
ck_41af3729590c2484,0.008254148981113155
ck_920a48ba8c583e96,0.0010990912022633117
ck_0253b3e7be021306,0.000743135477840807
ck_2ae6949246ea2648,0.011519996413691452
ck_db23a5100f338d72,0.003068870428535952
ck_fcb2a559474c3493,0.010958736291742311
ck_0a4d7acd2a53cbbd,0.005866729385090945
ck_c5d62b2b7a6f3bac,0.994464015008359
ck_cf59f4fc0ea690b2,0.0022894872859457785
ck_837be8126bb19250,0.001317947108823226
ck_58955542edee1adc,0.0004973607130456029
ck_1b93381d8eea58d1,0.011715459707655489
ck_97b8e05d62abdc14,0.02744596788849105
ck_71a0d645744302a3,0.002066021930624203
ck_a7b57882ab66b111,0.0016823567344236867
ck_65f76421be648549,0.002214064699799969
ck_b53ea8713d32ca7c,0.0130435281901119
ck_991c4c924a1d85ff,0.8989834275395092
ck_8432ccec1a4ec7fd,0.9947283968154896
ck_64c1633297f43788,0.0015357369885412395
ck_4291fd9c1161d8e1,0.08408316677359064
ck_5e98ed6391d9f429,0.025459654668695108
ck_c7baebe4549fdbb4,0.028157945403296962
ck_6e67225ba59fa5ae,0.01779544926441288
ck_719602def4d35fe0,0.026695491828500284
ck_bdee7c86f5ebe81f,0.022252080616609327
ck_8de38f8c7f91961f,0.09282595275448727
ck_b0b5bf9254700402,0.002949211796254819
ck_7b55d9bb1a250d4f,0.018043626075220955
ck_3954b7b0fd1d6614,0.0011748671170554884
ck_f29471fe7c818d6a,0.0009365926806449592
ck_9e65a8a2f587691a,0.006780027324210883
ck_eaec5f1a83b66eb0,0.11288722374832107
ck_004fe0daecbe2c1a,0.06958414860398651
ck_d17653a4a2d4a79e,0.0298517887708713
ck_0dd417fcbf19e424,0.006160567466931128
ck_4c99a6eadea143e2,0.14671022432406014
ck_74d602c907ee9119,0.0005330140967590928
ck_1aa87cb62acc0ac6,0.0034444227678058674
ck_094974d75e29fb2f,0.17734648923991966
ck_5ef935ac3d4d3332,0.011499340116238137
ck_b26e4ae47c9107ed,0.193834786329672
ck_396cea6f95186ad2,0.07602355003940633
ck_48446a9e8184c7d4,0.00618001666288914
ck_31e1ede23247d56b,0.06076178893809703
ck_7afefa349b960a3e,0.007240635857020755
ck_f5e02a3432571b20,0.07608088307665431
ck_64eefec062592c43,0.009052171019304455
ck_a1201284122c141f,0.016769058455508398
ck_1b34c420a4c85a95,0.004907258441586755
ck_d637a011332ba67a,0.0033966890648437524
ck_99c0004d8b7079f8,0.001513748417370377
ck_948517bad569b40f,0.050082658936819166
ck_a28d6b1601b472a6,0.011593333571438434
ck_a0b4209feb31f5c0,0.9987731688349935
ck_d6d2c1f6dfc455b6,0.6878539826048718
ck_3f9e6d356d3dd3cf,0.0005762583054655315
ck_d08e00c842b75176,0.0026005324375116276
ck_bfdd232a7c5f2660,0.1052702613733559
ck_2cdad03ed069438c,0.04648972846069179
ck_42317c3eabd0a285,0.7909902965209059
ck_3eb73e56751c704d,0.021531200914162628
ck_ef33c04f4c9e3758,0.031952661509904196
ck_1dc23dc870f1773d,0.01954292766958792
ck_76091f357974a152,0.023127530871538217
ck_4d9eb75e8eee90fd,0.03830775942364906
ck_578f67e69e5d2cfd,0.002170322340241289
ck_3a8ce1cc724229b8,0.0003194574804484159
ck_a96887f841e80fc1,0.014055305818213829
ck_d2d4a8f4a9f2c33f,0.005086770021307547
ck_11f85bc705dbe036,0.018215405694421982
ck_7429b3f87528e335,0.002627311333041935
ck_26df74feac7ec51d,0.012395631729477352
ck_c78b2638fadd91ab,0.0326608518827132
ck_7eaad325abe3b50c,0.0005020980297558352
ck_fd44e34af620e606,0.022554022178444377
ck_f99738dff854e25f,0.001044195421098126
ck_1ffbce3a239bb264,0.004446832594845428
ck_96c7d52ba0a766ef,0.05118949141807984
ck_cb1c00c300af3f9e,0.02507986094140442
ck_ec3d12848ced99f2,0.006912435779666395
ck_26cfd7c3c6c7bf69,0.005361286296600496
ck_7ae86b5a885affc3,0.04004196097936974
ck_3edaa94d28cd48ea,0.012600912448997793
ck_3209c530c9812e39,0.0015135931612107736
ck_ea62ebfc1f04b49a,0.0013790540114403493
ck_5fc90b4668ea81bf,0.006547701540579637
ck_95654593cdebd141,0.0012633212288925503
ck_958c0bd61820147f,0.08840727542491991
ck_8440ef1386c07194,0.0021367222265976007
ck_8cd1b68dd74b1375,0.20517500336703515
ck_c9eb4df91ff07f2c,0.06996788001343995
ck_c29489366c01fe65,0.9922836196620164
ck_c965fd6bec0f0ecd,0.017765565654944034
ck_84c402b23766e1f2,0.012453309239407701
ck_181f3dae03b87136,0.020507905618576835
ck_022a8ae79eb28cf6,0.9349076795666625
ck_469c17407d17b706,0.006403352560183519
ck_1fcc5843f39148a9,0.003130938773353284
ck_5debd55f361b2ddf,0.008459454488738284
ck_28cb9b03e89263f1,0.0038493413307377333
ck_f067470743d3c7a2,0.056908822387641035
ck_d5d225ce41a1a762,0.01637179920689208
ck_15b4840922195ffd,0.004500332389635639
ck_6bcfa37c717f19f1,0.021789491585933636
ck_8d501a0386c66be8,0.10600359435787163
ck_1a9d6190c57ea7e2,0.2827687071651136
ck_c49832eabdac5bb7,0.00035941937939277873
ck_b4331140b2e0d4aa,0.0016252059039311515
ck_5efbea1befdefe1b,0.38274548996377167
ck_72ff52c4824072ce,0.010985272806602182
ck_ec3715add8bbb6e9,0.0005306121111957198
ck_9822f8ed05335741,0.006319139790410931
ck_c3d7d3d12a1981a3,0.01764374590156207
ck_a115a7919ac5875a,0.025491270673582204
ck_4dd4ed23e0b927b7,0.2418309648477433
ck_4c76efcc1ee6762d,0.013109865017670674
ck_3ad6e7bf452c9b21,0.0026580792330000774
ck_dcbab304b55a42c7,0.014453884029028419
ck_24b53090faf722cf,0.006823138204596178
ck_187317383400491d,0.024259171720120112
ck_e07fd57565c94c28,0.1922172538507445
ck_740e760fdcd27835,0.0011469293432135636
ck_d3796aebda1cfed5,0.8615659316632993
ck_e541967c681cb929,0.025930071485825622
ck_431118050b834dcb,0.0006390428902709062
ck_90f3655f0c8a0074,0.0005547797619265503
ck_13cd943777651aac,0.014175291965200287
ck_66accecabf3901c0,0.01073213488119493
ck_937f0da2306b2eb9,0.0038426031069179033
ck_105b0c93573fd5b7,0.914990804620128
ck_00480407160e0743,0.0008581651866522798
ck_e032068be7b77d15,0.02730021078102063
ck_991b7dfd69098320,0.000662888348469333
ck_37d47cf0f34574a2,0.0009827918292660384
ck_011551a596544f5d,0.000615064517058354
ck_9acd98f4fe2d474e,0.04356072343114747
ck_7c88d3d377bb61bb,0.010102682778463958
ck_e2374c7136c964fd,0.08174204501208387
ck_2fa8f2577116e9ca,0.037137265301975114
ck_d07c5b0321c685ea,0.12959890540522656
ck_bc736114a31088a7,0.01042977265331704
ck_32bb42f9bff197f8,0.0008611025173476104
ck_66267bbad1f1415f,0.9836631596321983
ck_19988702ccd79201,0.010301817129873003
ck_f473a03fbcdbc4b0,0.0009774114849233411
ck_e3f1d85fa5d49396,0.004486502173597021
ck_c4402ea6291df271,0.014465307200434796
ck_243bd5ca8c4ae5d0,0.0038421901506683147
ck_f271e855925e8d6b,0.07667923780368566
ck_e424148c6f2223df,0.0009218392349781076
ck_e4d0a9e1102a58b5,0.0043514560202858495
ck_91c2a5fe69b9b1d1,0.0034805128470718726
ck_5fd8924732fe403e,0.4158126742300597
ck_9a881d5433126ada,0.0019091746649190435
ck_73cab88b29c7845d,0.08119758100706365
ck_5b5dea6476d4e182,0.02166239347792085
ck_ccccb17d2ca6ce94,0.1920804105578675
ck_cd1dc68e441222b1,0.9423425529358503
ck_8312c49b1431a406,0.013257668989461905
ck_25fea39897f2a559,0.0021093781046325013
ck_f56200205280bddf,0.01426897664811319
ck_7336611650dcc088,0.001315381384453265
ck_590716322ff147ae,0.052935499302890876
ck_c82364d87875a1a1,0.025149242351211257
ck_fa4b60387d744fc5,0.0002869611268185492
ck_d841eba8906e9a15,0.002763663140459938
ck_d6df562a79b9d0d9,0.007467377369897053
ck_59a14d2564193101,0.0004055858798598697
ck_8530158e3d7f59e7,0.0035016568150070433
ck_ac68d707006c12a8,0.004946279908536809
ck_976fac1bb3dd8c58,0.024874689773261807
ck_f854fba8f4adae3d,0.11046069902631124
ck_b98e9c3ec6e7d1e7,0.0030856161148927453
ck_803c0b4cf9d4bc1d,0.004155444328410765
ck_76997a33c3ea5107,0.0006466454843286216
ck_f1a9d832b700bda1,0.9913113957697546
ck_2bd96ddb8c323d63,0.996760621445884
ck_9e5b7acf51b1b743,0.012801433982390382
ck_09169f22194fd6aa,0.014963199554297804
ck_6d69e092f9b0848b,0.012214316009204852
ck_9f83fa5a2d3b9049,0.003774262708566899
ck_57bbb19eecb4b87c,0.001672812005913997
ck_e0e9cfabb979f428,0.0023817191663089575
ck_b1ff9edc51d42f97,0.003044126851445225
ck_4682fad271d47eb0,0.9761714770396881
ck_ab33fb754c818ae3,0.05045188337154495
ck_b456f62b80e21557,0.0004784341175479328
ck_16340be3f2a7fffd,0.0009241236206242339
ck_ce66831f6611014c,0.005620931550261496
ck_4610a073bb54d1b1,0.008974986166708096
ck_fd038a7d33a9d6e5,0.000344211444550005
ck_c8198cb4c461304f,0.019137662270085502
ck_1e7de58822000dea,0.00136016681938803
ck_b2a79dd3df560f14,0.053299371000449014
ck_74a06f347b32347f,0.010624423244009893
ck_c6fdb2972417c9bd,0.017344104922492623
ck_d7607a213b800bfb,0.05002461753423026
ck_df65967b8b40319c,0.0007062775113451636
ck_329a73dbd585ee09,0.006180049253493072
ck_74991a9e85c3b07d,0.009518645863920143
ck_bb76609b79e0bc9f,0.0035528280111755154
ck_f7fc1bd0b9ab1fa4,0.06438728913913982
ck_d111c98b36bdb791,0.004378779413191075
ck_f07e27d125497b66,0.004662305226442068
ck_093e3a7134e11d6b,0.0063611432446176105
ck_862c7953bdea48b0,0.0035328234542327964
ck_392cf2cdd515c34d,0.0014260944357973124
ck_80eb91b0b4001084,0.034358502015365305
ck_5923f53b77193a58,0.10663553446024872
ck_8049f5fce32be185,0.7426920537685935
ck_ebc5a2c6cf88e252,0.19075544076338735
ck_9ea5872f14cce338,0.00649802265105987
ck_f7fbc95ebf584379,0.003314611204268656
ck_bafe82c870356706,0.9913195628691054
ck_278b36c5932d9bff,0.0005157388292189736
ck_6a892dd5d05c1649,0.009442080296134171
ck_0734fd90b2cabd43,0.004171641635431801
ck_9b552204498b6762,0.019253167289877544
ck_f6c909c205767956,0.035622037343698815
ck_32f590e87bc3d715,0.0012406491079126024
ck_66a8325f28be7562,0.0008823183793728943
ck_b129261da9c3c3c9,0.0017640069705327057
ck_a524071c51ddde20,0.008600829680236259
ck_ba576d6d4cb6130b,0.11159745811893507
ck_8d8226520722af78,0.005172672072266938
ck_c5b0f0d4f1655a20,0.013304476510563094
ck_61814ae9b6d8eab1,0.0007467792314913829
ck_382ebf136f7fa337,0.24987521143824942
ck_423ff4ede6a9f066,0.011113420279860387
ck_546ad962d04b7de4,0.9857492130937398
ck_9473ea4a01c95f9a,0.031785145978603296
ck_9eb1da8cd35a50ce,0.008118307986895246
ck_de5eaa2cdbcb67ff,0.1843871824144626
ck_537cc97d0398c922,0.08266399358373608
ck_998475a2e4dfad4e,0.003528099981908761
ck_e62eb708d2688fae,0.040034737527465745
ck_ea623358f704daa7,0.14118322068088493
ck_b911a09f328dfd4b,0.0022285572961559395
ck_4b3506b624e5193c,0.036272404910007376
ck_448456f96788713b,0.011033695030391057
ck_5d5ef9e75f65d076,0.021479297783429826
ck_3b74512f774a6e5a,0.001612587193302433
ck_a032e8ac1507c6df,0.8066765329318379
ck_7e2d6b22a0ae20c2,0.024712749637531232
ck_d80283209c963f11,0.002040440532649522
ck_d1157eade2ac3975,0.015817352614102866
ck_be48f583f79427f7,0.03491459182496111
ck_0027b5d4107d65d8,0.25899327494390706
ck_94fff69584dd3b2a,0.008358901297000582
ck_75fcda73f0b43557,0.009739648726087673
ck_a1c78972e4ee4082,0.043133665217443135
ck_f0982bbdbd122f91,0.003373361070436675
ck_3199b471575aeb3a,0.003426115391501969
ck_7fa947a0b1c1cf74,0.015746274669878015
ck_a60c618b7f0e4252,0.0024481951099817
ck_722ac47c8ac9b6c3,0.4292362034452941
ck_d44dc3839a195c8a,0.06382395326620971
ck_a2c3e82fab520483,0.009928209584015038
ck_6f8ae0319c07cafe,0.0050641117680029065
ck_49886ff1e2c759d6,0.0703678789545862
ck_150a1108f936e6b0,0.003821861553002546
ck_e21f9f96f597695b,0.003665190167377625
ck_7297bff2b7fdcbc8,0.00029376621823261556
ck_ee949c71f4f702eb,0.9893132040535958
ck_6fc37dea4b4f35c6,0.12575059729882518
ck_e76257caa98dc25d,0.9961024358700474
ck_828eef2334e17b3a,0.014584293622880513
ck_604e1b8a8c693aa7,0.0028993115154518348
ck_7743c9fe037d1f9e,0.04230831873716542
ck_864a11202e19e812,0.0841638109386881
ck_4ec040b9e3785e4a,0.0006674435120310014
ck_7346e4f820d9c00a,0.938533570825087
ck_48d4d63beb26b623,0.0028632635500253894
ck_c423aa6de3ed1e01,0.0018255412891062127
ck_d74b2ead8aaa3f73,0.021775899684207074
ck_1dd69a11daa7bf1a,0.009019830845734014
ck_d9143e236eef177f,0.006174540373610921
ck_f790d91e5ff0eccd,0.27536673383707955
ck_69b5620e00ef5dec,0.0008855771073565718
ck_cd32e58e8a1c0e85,0.00902417968839904
ck_064013b0957d87a5,0.9965842374677452
ck_a481385c2e60dc4a,0.0033231499137551376
ck_d72035cb29db3aa4,0.01276840795170381
ck_3759939a0205306d,0.0016355928575060587
ck_f437a53fc832ec95,0.9036147228389096
ck_260ef2f3e6434819,0.047996604204196776
ck_35e411b05d22f663,0.0049757861940453625
ck_8bf46e472f3e20de,0.2961415285218248
ck_d546994fc5d3e9d1,0.006621419997315819
ck_6ff0fc7487e737e7,0.3480120999210814
ck_5c67f27816ae0b6f,0.02010336801178622
ck_c5517923458106ae,0.008887027223038354
ck_d9735647a6b0b0a7,0.8363170943907487
ck_541a734fc457246f,0.01143106591551897
ck_2f6a639468f41043,0.0019217576437134457
ck_bea2cf7a6b7bb900,0.004045401720922363
ck_7eebd0e6ad6c070e,0.0021733486024950854
ck_b64c87d5e3b10e6a,0.8639639466616803
ck_9dd7daacb7833233,0.002005791321580057
ck_396e9ea9a6c6d7d9,0.004671780669662729
ck_1645e6cc53fa99ff,0.01084424021864984
ck_ea2a83ccb8d57490,0.0008674750197290884
ck_e64f0df63e1be595,0.053047698305841336
ck_fa0b234481cb57d3,0.004233286556562056
ck_63379e3c9fe6f711,0.04601410900204105
ck_c67f7944896a0310,0.022283207777986813
ck_c10e54c9db29e6ef,0.9987042948470981
ck_7184ad7709ae4c80,0.012737603566079139
ck_f8b6069d7577fde6,0.002864221197943599
ck_18444be153bac1ca,0.9236048751909245
ck_d0982b4e0e118e4d,0.00352419488833846
ck_6faf3e6820398866,0.00634528620540806
ck_97e980463aca4644,0.0019440792466285507
ck_630c835243c66b19,0.9538676917365074
ck_fe429ba3e1aa0e4f,0.011063826980421722
ck_1058129ed7b48c59,0.01721523926993136
ck_04a1a46f07885296,0.0036925910830257138
ck_f01e94331067edf6,0.0036009455647232494
ck_77b2fb17c29f5e72,0.02044518640144863
ck_4f0c5857da45fb28,0.11221439090083338
ck_2cfb9a7775e8a5bc,0.9677962730350365
ck_6846100e43659bf3,0.0015631266627886436
ck_f89719a854fe11d7,0.007865673301593467
ck_bf47375e41ca3bc0,0.0018800731610358543
ck_2770b0400a7bef08,0.09714895591944546
ck_2a09d142de1c77ff,0.032996386029607985
ck_857a1f5547b9ad68,0.012531502344262667
ck_185f15b1523bbcf4,0.0015800013517838626
ck_ab2aed614ec1cdf8,0.0061661216572038
ck_a9e7f3b2d5dfd97b,0.009573658534279399
ck_0eeb3d9b3e697edb,0.018148850772124015
ck_fa5830d81bc8ddc1,0.000331502332855955
ck_231ae0329ebc3220,0.0011224951372232287
ck_1587763dd54688c9,0.0022129231912612385
ck_9f85fea4490c00cf,0.010694840285339369
ck_a2d709e7eb91e4af,0.018042161520364024
ck_43637d28c7216453,0.0005754205620097751
ck_f3ab5dd853d38252,0.07601836665411124
ck_4a1f0172d3bf4fd3,0.011392103466340717
ck_517620ca16505af0,0.002686958289013785
ck_9ae904fbef56065c,0.0015170972148356684
ck_d5ef1f6e34bb35b8,0.032847153796699474
ck_ff42557857ae3aeb,0.001467089077823855
ck_ad9a18f58589faa7,0.0007770980584203971
ck_df1a6edaa3e6b271,0.0020358914550321324
ck_99021fe7225b5a68,0.03568664744081872
ck_99e52c3c2530b69e,0.9971367218965821
ck_3a4811dc4a1a891d,0.0013414943866767674
ck_ba3a6be026c87079,0.002183088183358101
ck_da6d1e5cf6aba6fd,0.006854383642272265
ck_ddc7c1f3d45fe6e6,0.0041111437211442
ck_e1b1e7a7e4a15b3e,0.00150492962957745
ck_8288f7f226e08b89,0.008325271343624808
ck_c4524993ec31dbe5,0.001337489533610424
ck_8b19bb5b23b6741c,0.008085994070602188
ck_d21b38231a8a9f4a,0.07289407758859168
ck_3f730318a9792292,0.007605145325815407
ck_a4db6e94a8f77f9d,0.09057647923061668
ck_a8cac8d480306839,0.0012181298862326813
ck_5472214011fbc2a7,0.0021967250240397685
ck_7356f47dbbbe7904,0.002014149304603583
ck_16801e628e883d78,0.005407699659714465
ck_0dc1e536231c4860,0.007370153047926209
ck_7cd0634a6e60af83,0.007064457018639704
ck_ef6f8e048ae1bd4b,0.010172511731288775
ck_82f3f744209888ac,0.01973165626321846
ck_f33188c232a03526,0.3195389379070878
ck_4a59f4e10bf45d7f,0.0012341172895538755
ck_d96c893721385e4e,0.000189611393678102
ck_f65ab819373edb37,0.010698878474879294
ck_21cac21fc10b7768,0.013142617311710875
ck_139b54e6ccbdd7da,0.03858644482623125
ck_d6f5c8741697abb3,0.013044034506800355
ck_a28d9bb5590d458f,0.06357947793349261
ck_ed26d906883bea0a,0.005451963799826917
ck_227602ad072b838b,0.000940544807499126
ck_39d5f6c17c745ab1,0.0005927811850957067
ck_744eade757ba69b5,0.03772559253667748
ck_c1295d97cdf35ec2,0.025345117686631845
ck_69105f881da3c821,0.01873498311078731
ck_933789b55361d7c1,0.9611512532117199
ck_b667952253503174,0.001135762073823719
ck_7bf668e25abeeb05,0.0018298619295138473
ck_91742711dfdffd56,0.013349959891718855
ck_af32a0660090dd68,0.013220278793405215
ck_2122f201e65f76ee,0.006549385568527451
ck_f48acb73a5d6af07,0.03790933788571582
ck_337c5684510cf432,0.11748527418673708
ck_f7bde7265053364d,0.012786987048956436
ck_c190c7b924edba75,0.013579246493835231
ck_044fa3b3a003f0b5,0.015281920657620261
ck_87eb43e3b9d96169,0.08110586317911306
ck_2d3d6c9364362017,0.00042947234278226045
ck_ac55dc6cbcdf8228,0.006354025182219652
ck_61d7b0568ec5d6cf,0.013123411763388607
ck_89c74feeaffa7d09,0.0011175759008031322
ck_93776b0c113f41f0,0.0463129747103182
ck_15e0b679931f7a8d,0.0040684198566544524
ck_77b56c49cfdb1d81,0.05362052329008307
ck_73188a826b5f499f,0.001170649693042192
ck_4f463ef25325ddfa,0.5020736608886731
ck_863db2e394dc47d1,0.968286096611481
ck_d52432ed597f3cc9,0.0014272801731846354
ck_04fb61e5739642f8,0.2420138812128114
ck_2e481d75d110c06d,0.11177231549886175
ck_3fa1a523d77cd619,0.007131228540931403
ck_466dc6274fecd708,0.012387315416660678
ck_e1790b3aa2241b10,0.758359832687769
ck_84ad096a46e1a960,0.03592148052151066
ck_3be72c9c178fa00d,0.04546252919349184
ck_5a17c89219d1d9fe,0.008597173036068034
ck_4f639f4ee6ce8d9e,0.0584182993917864
ck_f4ec4a935e51b4db,0.007566698491973013
ck_f04040a830f92bac,0.0013585849226329936
ck_3e4d02a04be2aaf8,0.007447765317161967
ck_4d1baef193cfb900,0.014139502217523681
ck_0fb3153d37626b75,0.00044225989193580003
ck_88ec57a11b11f702,0.8893377532771183
ck_dca9dc465f759db4,0.0012377040453216536
ck_64f5fba6af67e024,0.01508563989037786
ck_896096cb167254ef,0.03345751809506296
ck_7878679065876b98,0.011762922667266444
ck_fe8e5a6c880ceb4e,0.0015624057067958237
ck_a5e036327d3d1862,0.0006123723095808563
ck_310f73940fc4cf4f,0.010694799066845269
ck_46a8db16ad00b749,0.061124584980633376
ck_0d33977c3de8cfaf,0.9979955577636666
ck_c6fff412f531db0f,0.0006727631295350325
ck_bac6dadf428eaea9,0.03311659289688147
ck_1b96d9af0d7da2d5,0.006189989797784949
ck_fa8a4a9e77799fcc,0.015341296000073695
ck_0bf48607a874b4d1,0.0009874272603449087
ck_eeb75f8a6439f65e,0.014948244555964729
ck_a209a5f7d172125e,0.005656796064836451
ck_8f346b72fb40bf14,0.005296676434146507
ck_bccbf9fef367f00f,0.00820168529567306
ck_2d1548f1ee405cc9,0.0035903122043800476
ck_e8298ff2dc1e9d50,0.0031155857562313576
ck_77c0fb524edb4a94,0.001852542315576273
ck_28ac4c5134cb8e77,0.06177126642012877
ck_db23a0e3e54be60c,0.7985786364603276
ck_a059d00cee5cee99,0.0009233731899031513
ck_3e9e3bba8bd363af,0.0008924112861049477
ck_0428728df24cdab4,0.00046794925602766077
ck_88cd35378075c84f,0.0009385568545954347
ck_0174d76398d9dc0f,0.008851846487990584
ck_3f1287e6c27de0dc,0.013155419788843107
ck_ff822700f3605e06,0.9969164528796187
ck_4563227b2038ae07,0.18866295717622183
ck_788e78065526ee19,0.016771183363242435
ck_8a16eb584093b12f,0.004079784132355906
ck_cc276f71ab6c08fd,0.02142416303575375
ck_d61d97b21002f3e9,0.11004172921628676
ck_4b2e87d86a5e415c,0.020584042567643387
ck_3e6f35e4500d2f2a,0.0017245551273450763
ck_3acdb083e0d8ad61,0.0009062565991078944
ck_cd655202db489010,0.000943597373454925
ck_829cbf5ccda481ae,0.003214678851066721
ck_f5882e6f98b8b4cd,0.0019366405459536617
ck_767947540b234add,0.00915598949319831
ck_a6e8e8f535b1f1d1,0.027733999812702713
ck_58412a2674fea506,0.007566775584056341
ck_fae7e518a585fa61,0.019384037934934543
ck_9c60ae6958d68dbd,0.13127080775690672
ck_328696b8f5e54ec6,0.15000034589949796
ck_7df3f8f4f1068d62,0.004098012096447072
ck_cfadd21458230ef7,0.0019169820647367203
ck_7048bedd554c703b,0.0008156086215814105
ck_50422466f145bfd7,0.00044031648176286013
ck_61e1f7168cd9ff25,0.07303767196302091
ck_733aff0f56f5b3c9,0.021511246592079168
ck_e14892e424180549,0.000616781784735161
ck_03f6664a96de7d0f,0.007148633617610953
ck_b7f4baa2cc82fe61,0.0034242216308952743
ck_1e51199a075ca0fa,0.002074252746901136
ck_0e70516fa07cfb17,0.9212136723271631
ck_0f37c554a5057801,0.9265704793689422
ck_5576b725de38d106,0.0040475035881330015
ck_82f360df1e9f4eb8,0.023607676811267485
ck_395f3bd4aacd7ca6,0.032871496572169194
ck_5e8e857b63966609,0.14400241898248045
ck_93470896f0804b6b,0.9805667573776741
ck_3be854e42e76569a,0.0019420413728871132
ck_0567302c57a2417e,0.04548873282729357
ck_ee535461b5f05539,0.5198230695010273
ck_94a096c36162a153,0.00739266450888597
ck_dfc8f5c141fd7c63,0.009545452168328295
ck_98b34f2d704c1c2a,0.008756085051784828
ck_96dff7a09d45f116,0.0505921978003844
ck_79557434c129ba52,0.0035070718506380453
ck_4596624a7c01d501,0.006376026998232041
ck_04e89fbd739243fa,0.002360574630518372
ck_6149ffaf18872dc8,0.00105891767580188
ck_cd78f0832a09bd8f,0.6678281488338184
ck_7e29c10d781c3b41,0.005772865169216416
ck_1f7ee7b23fc6f2f4,0.0018048506173974637
ck_c49b685d2b3ab89a,0.0050791717268239035
ck_84569a8fc50e73ac,0.0040811370192991815
ck_b92b11d205af91eb,0.0003669235395399797
ck_06280e6d6d2485b0,0.0029462379997191694
ck_3c08546dd0c92863,0.016664328821583068
ck_99d3983f907828bf,0.000438780545339211
ck_eccfd552aa652d3c,0.01008042534583858
ck_0cff8153881875ba,0.006584760387307674
ck_c1aebbeca6ab5ff9,0.006571987624208457
ck_538fdbbb3c2bcbbb,0.024626242598219376
ck_8c0210322733c718,0.0050030707362317215
ck_0b0c93039f987abc,0.0048550006879296255
ck_6d07d6d1bd227d37,0.09205212027921209
ck_9b6ee35e8cd0b11c,0.0025268754017214613
ck_d838491d3d4f5ecf,0.0008946382496761523
ck_0593ae243a9ebee9,0.014873046138149697
ck_ef261fc09be8eb0b,0.003693942556162458
ck_d0935b571a4a3868,0.006067073646351958
ck_97d04a67a104af39,0.06531266438949494
ck_e25f70d0b7229420,0.02330153151984994
ck_9b71274ff83de482,0.9958994652835255
ck_6de2aa2bb60978d3,0.033456688687939724
ck_eda55c8fb47593d7,0.00881047887678994
ck_924e572517515f19,0.5153727923422384
ck_d6f27eacbad310f4,0.0027242017850382175
ck_8550f229b5eb03ab,0.0006822699907605772
ck_e3e95546a84d0ed8,0.007233109015209896
ck_3135c019696ee6af,0.9462081966716744
ck_41ba315d8fccb559,0.002768668054986604
ck_72b86e4485da2d0f,0.9947170881223
ck_daaa995f3c2f0e47,0.028315031021832644
ck_053746067839696b,0.02006571512390738
ck_a15fe7d0f4b65c33,0.2613075118128847
ck_15de11438732bb05,0.0018792271405282332
ck_2c4d25acbe3fabd9,0.0012476697104666689
ck_7f08078908599bd2,0.06285888356850844
ck_e794741742fb2619,0.008667896057161234
ck_238e53b6dee8c301,0.000842769698437948
ck_53a6a33060d5c8b8,0.001818595661727514
ck_0e0919292ad33472,0.9345042576449036
ck_d86ccf148c06c8c8,0.0856285324631623
ck_c881f26c9bf9ae42,0.6309677764562308
ck_4b0947bf94e9d847,0.013676576429049899
ck_e10ff5c38bd18470,0.011269141998241684
ck_b60de9e97aad9e45,0.9182939047536209
ck_190bc849e5ff5401,0.04850011370396737
ck_e7be077aa0b2632c,0.009646078487643438
ck_a51abde881ebeff3,0.009712815092788596
ck_2208392a9f6bd249,0.00912213837719487
ck_0259da8f109017e9,0.0005771022637377309
ck_05e01ab9c95449da,0.00755303945750632
ck_c82897ebffb6ae66,0.004052727517068134
ck_b4a6bb4689cd7cfa,0.027847515834636717
ck_9e21ea33018ce538,0.018561325028729557
ck_caa348f0e65db062,0.9819829395116624
ck_a964e6b5d8415334,0.5923827756061031
ck_510bfbbee37ff436,0.039191812562471104
ck_9741a82faf5c7889,0.05134123953748844
ck_e7f61b4a39ba98ac,0.0015600741419181249
ck_069d158665a53909,0.005329681697280099
ck_6426427efe3228af,0.022029938226582953
ck_ab4a8d02ec3c0fd7,0.0008794387244594313
ck_aefa0d8d933e0eca,0.010236992323060575
ck_232325ef6bce92f1,0.005672526397193543
ck_14e58c3fb26a2b4d,0.054048429318322676
ck_06e73afdec26aecc,0.32535274349601545
ck_3168f4f2778d64e1,0.006638427028549752
ck_ff3998d6858daa21,0.0012116022314527077
ck_bccff46fb0868454,0.20192350039992502
ck_c7d444d90fa86d7c,0.8174768343847983
ck_f0bc3bdee6bfbb94,0.005653908197411548
ck_f7112818a6d81422,0.039994483796239856
ck_aca35dbcb835ad02,0.00814149389203189
ck_f637fabf0f60528f,0.003020694392272239
ck_53d17ab97de1ac3e,0.004413657880391374
ck_c8c1bf16d9113493,0.015643111341079704
ck_e842fb0cf055a83b,0.08355051081523042
ck_93c0cb3dac4891fe,0.0124323253169134
ck_0c1f088e17e46daf,0.009581116841795516
ck_8f4b384955bf57c9,0.0042476709318935435
ck_09cd5c4df1e81ac2,0.08667176119969534
ck_1e832a5b2342554f,0.006149056143074071
ck_2cb763a881aee27f,0.0021518225403831083
ck_5875828b11406398,0.006357756749426244
ck_48e84b0cb0b90fa7,0.015938041124256567
ck_833688de8629c5c0,0.0030632466046792046
ck_117d78ccd5820f36,0.010493400502866033
ck_668ec61c4c39cae3,0.0016999987146728156
ck_73a7794b659d7a34,0.0030821644107398433
ck_10f90d879209734f,0.020624794406910056
ck_d1d079913aa158bf,0.002238720077472945
ck_01c631b38e8a9535,0.0038967622862847817
ck_f6923088c17a04e2,0.12664815239915667
ck_b447badc9138987d,0.0002312284467544026
ck_8b772caed8f1541c,0.0013884580963850841
ck_5403c76fe68a08ba,0.6795675926281295
ck_3e6833574edf1736,0.001984872571588697
ck_e527fbb9450a4581,0.9693495078225884
ck_cc90e219f1ebf390,0.0012527810457576409
